student_id,course_id,phase,attendance_pct,logins_count,video_watched,chatbot_interactions,on_time_submission_rate,practice_quizzes
500001,ANA101,1,83.8,25,9,10,0.86,2
500001,PHY102,1,93.6,25,19,10,0.9,3
500001,BCH103,1,94.4,25,1,10,0.9,1
500002,ANA101,1,87.7,32,30,7,0.92,3
500002,PHY102,1,86.8,32,17,7,0.81,5
500002,BCH103,1,88.0,32,5,7,0.86,3
500003,ANA101,1,86.1,20,4,17,0.9,3
500003,PHY102,1,87.8,20,14,17,0.87,1
500003,BCH103,1,79.8,20,12,17,0.82,3
500004,ANA101,1,90.2,32,26,4,0.89,4
500004,PHY102,1,85.2,32,2,4,0.75,2
500004,BCH103,1,92.8,32,29,4,0.82,7
500005,ANA101,1,100.0,30,5,11,0.83,4
500005,PHY102,1,90.9,30,24,11,0.81,3
500005,BCH103,1,91.4,30,14,11,0.82,2
500006,ANA101,1,91.6,18,14,9,0.83,5
500006,PHY102,1,90.2,18,12,9,0.86,0
500006,BCH103,1,95.4,18,1,9,0.82,3
500007,ANA101,1,81.2,31,25,8,0.92,3
500007,PHY102,1,76.3,31,15,8,0.92,4
500007,BCH103,1,74.4,31,12,8,0.81,5
500008,ANA101,1,93.9,32,29,12,0.89,3
500008,PHY102,1,89.4,32,21,12,0.82,4
500008,BCH103,1,97.7,32,4,12,0.85,2
500009,ANA101,1,92.2,27,8,4,0.93,7
500009,PHY102,1,85.0,27,21,4,0.88,2
500009,BCH103,1,85.2,27,3,4,0.92,1
500010,ANA101,1,80.7,33,10,6,0.91,2
500010,PHY102,1,88.5,33,30,6,0.77,1
500010,BCH103,1,93.4,33,8,6,0.91,5
500011,ANA101,1,94.8,25,9,9,0.76,3
500011,PHY102,1,93.7,25,6,9,0.89,0
500011,BCH103,1,89.8,25,19,9,0.82,4
500012,ANA101,1,64.2,31,25,14,0.89,4
500012,PHY102,1,92.2,31,15,14,0.9,5
500012,BCH103,1,72.4,31,27,14,0.9,2
500013,ANA101,1,94.8,23,14,9,0.88,3
500013,PHY102,1,92.1,23,3,9,0.92,2
500013,BCH103,1,82.6,23,19,9,0.89,7
500014,ANA101,1,84.0,26,17,12,0.88,5
500014,PHY102,1,100.0,26,7,12,0.85,1
500014,BCH103,1,89.4,26,21,12,0.94,1
500015,ANA101,1,96.5,27,13,3,0.85,3
500015,PHY102,1,83.0,27,14,3,0.92,4
500015,BCH103,1,94.2,27,22,3,0.78,0
500016,ANA101,1,82.2,27,25,5,0.89,3
500016,PHY102,1,94.6,27,1,5,0.82,2
500016,BCH103,1,92.6,27,15,5,0.71,5
500017,ANA101,1,94.9,32,28,12,0.85,2
500017,PHY102,1,93.1,32,22,12,0.91,1
500017,BCH103,1,83.2,32,13,12,0.74,5
500018,ANA101,1,77.1,16,5,7,0.9,1
500018,PHY102,1,89.2,16,14,7,0.84,4
500018,BCH103,1,80.6,16,2,7,0.85,3
500019,ANA101,1,93.0,32,21,9,0.92,6
500019,PHY102,1,78.9,32,26,9,0.92,7
500019,BCH103,1,87.9,32,19,9,0.9,6
500020,ANA101,1,79.7,13,5,11,0.94,7
500020,PHY102,1,85.0,13,7,11,0.9,6
500020,BCH103,1,94.6,13,11,11,0.93,2
500021,ANA101,1,85.7,28,2,2,0.91,5
500021,PHY102,1,91.5,28,25,2,0.8,6
500021,BCH103,1,82.0,28,23,2,0.87,3
500022,ANA101,1,74.5,28,14,5,0.92,2
500022,PHY102,1,92.8,28,24,5,0.73,3
500022,BCH103,1,84.1,28,15,5,0.82,3
500023,ANA101,1,82.9,24,20,9,0.8,6
500023,PHY102,1,67.8,24,8,9,0.92,3
500023,BCH103,1,95.2,24,0,9,0.86,6
500024,ANA101,1,89.4,22,11,4,0.73,8
500024,PHY102,1,80.8,22,1,4,0.86,3
500024,BCH103,1,93.5,22,20,4,0.84,1
500025,ANA101,1,84.8,24,13,7,0.88,8
500025,PHY102,1,99.1,24,18,7,0.92,2
500025,BCH103,1,94.1,24,1,7,0.81,3
500026,ANA101,1,92.9,27,9,9,0.79,5
500026,PHY102,1,97.2,27,20,9,0.83,5
500026,BCH103,1,87.5,27,25,9,0.87,5
500027,ANA101,1,87.3,29,3,7,0.9,4
500027,PHY102,1,70.3,29,11,7,0.92,2
500027,BCH103,1,81.0,29,23,7,0.8,2
500028,ANA101,1,90.1,23,17,8,0.88,2
500028,PHY102,1,89.9,23,19,8,0.88,3
500028,BCH103,1,92.9,23,10,8,0.86,2
500029,ANA101,1,86.6,30,7,9,0.94,2
500029,PHY102,1,80.6,30,24,9,0.75,1
500029,BCH103,1,88.6,30,26,9,0.93,1
500030,ANA101,1,86.7,15,6,13,0.88,1
500030,PHY102,1,91.5,15,10,13,0.93,0
500030,BCH103,1,95.2,15,2,13,0.81,2
500031,ANA101,1,100.0,31,17,14,0.81,1
500031,PHY102,1,77.9,31,27,14,0.79,2
500031,BCH103,1,77.5,31,14,14,0.88,4
500032,ANA101,1,91.2,32,1,8,0.79,4
500032,PHY102,1,84.3,32,27,8,0.93,2
500032,BCH103,1,89.3,32,29,8,0.86,3
500033,ANA101,1,100.0,29,2,7,0.69,3
500033,PHY102,1,79.5,29,7,7,0.85,0
500033,BCH103,1,97.8,29,23,7,0.72,5
500034,ANA101,1,87.4,33,24,12,0.82,1
500034,PHY102,1,78.2,33,27,12,0.89,1
500034,BCH103,1,95.4,33,6,12,0.79,5
500035,ANA101,1,65.8,34,7,11,0.84,5
500035,PHY102,1,79.0,34,1,11,0.92,1
500035,BCH103,1,100.0,34,30,11,0.84,4
500036,ANA101,1,83.3,26,7,10,0.88,2
500036,PHY102,1,91.4,26,14,10,0.75,3
500036,BCH103,1,98.1,26,23,10,0.78,1
500037,ANA101,1,81.6,24,9,6,0.93,4
500037,PHY102,1,80.1,24,21,6,0.76,0
500037,BCH103,1,79.6,24,18,6,0.85,4
500038,ANA101,1,98.8,27,11,11,0.88,1
500038,PHY102,1,87.3,27,24,11,0.87,1
500038,BCH103,1,100.0,27,0,11,0.87,3
500039,ANA101,1,79.5,35,30,12,0.86,0
500039,PHY102,1,92.6,35,26,12,0.72,0
500039,BCH103,1,81.0,35,15,12,0.9,2
500040,ANA101,1,88.0,24,7,4,0.88,2
500040,PHY102,1,97.1,24,21,4,0.79,3
500040,BCH103,1,79.1,24,22,4,0.89,3
500041,ANA101,1,82.2,23,17,12,0.78,6
500041,PHY102,1,89.7,23,4,12,0.76,4
500041,BCH103,1,87.0,23,8,12,0.89,2
500042,ANA101,1,80.9,15,9,9,0.82,2
500042,PHY102,1,96.6,15,9,9,0.92,5
500042,BCH103,1,91.1,15,5,9,0.9,1
500043,ANA101,1,83.1,34,3,7,0.87,5
500043,PHY102,1,93.2,34,7,7,0.83,4
500043,BCH103,1,84.5,34,28,7,0.9,0
500044,ANA101,1,98.7,34,2,4,0.82,2
500044,PHY102,1,85.5,34,19,4,0.79,4
500044,BCH103,1,77.5,34,30,4,0.92,1
500045,ANA101,1,92.6,27,14,8,0.89,3
500045,PHY102,1,88.2,27,24,8,0.89,5
500045,BCH103,1,90.4,27,8,8,0.77,4
500046,ANA101,1,73.8,18,10,9,0.88,4
500046,PHY102,1,80.7,18,12,9,0.93,5
500046,BCH103,1,97.4,18,13,9,0.77,2
500047,ANA101,1,93.7,30,27,8,0.82,4
500047,PHY102,1,76.8,30,11,8,0.83,2
500047,BCH103,1,90.0,30,23,8,0.89,5
500048,ANA101,1,83.5,32,26,5,0.8,4
500048,PHY102,1,91.6,32,26,5,0.8,3
500048,BCH103,1,83.6,32,11,5,0.93,3
500049,ANA101,1,90.2,29,9,5,0.9,0
500049,PHY102,1,87.7,29,13,5,0.88,3
500049,BCH103,1,72.7,29,23,5,0.89,4
500050,ANA101,1,96.1,30,14,11,0.9,3
500050,PHY102,1,100.0,30,18,11,0.91,3
500050,BCH103,1,84.7,30,27,11,0.86,4
500051,ANA101,1,90.7,19,10,9,0.84,2
500051,PHY102,1,84.9,19,4,9,0.83,2
500051,BCH103,1,87.2,19,16,9,0.85,2
500052,ANA101,1,82.7,15,4,10,0.8,6
500052,PHY102,1,78.3,15,6,10,0.94,4
500052,BCH103,1,91.9,15,6,10,0.9,5
500053,ANA101,1,92.9,31,28,11,0.94,3
500053,PHY102,1,84.6,31,4,11,0.84,5
500053,BCH103,1,87.1,31,21,11,0.91,2
500054,ANA101,1,98.7,17,10,11,0.81,5
500054,PHY102,1,88.9,17,6,11,0.85,2
500054,BCH103,1,98.4,17,0,11,0.85,1
500055,ANA101,1,98.4,28,9,14,0.9,3
500055,PHY102,1,92.7,28,23,14,0.72,3
500055,BCH103,1,82.8,28,9,14,0.82,3
500056,ANA101,1,91.8,31,29,9,0.82,3
500056,PHY102,1,90.0,31,16,9,0.82,3
500056,BCH103,1,92.6,31,14,9,0.89,2
500057,ANA101,1,84.3,33,27,8,0.8,4
500057,PHY102,1,94.6,33,10,8,0.87,1
500057,BCH103,1,94.4,33,18,8,0.86,2
500058,ANA101,1,97.3,30,24,6,0.81,2
500058,PHY102,1,100.0,30,17,6,0.8,3
500058,BCH103,1,79.8,30,12,6,0.9,2
500059,ANA101,1,92.3,32,28,10,0.76,0
500059,PHY102,1,85.2,32,17,10,0.81,3
500059,BCH103,1,85.0,32,27,10,0.76,2
500060,ANA101,1,85.1,18,15,10,0.83,4
500060,PHY102,1,89.4,18,8,10,0.87,6
500060,BCH103,1,71.2,18,0,10,0.93,3
500061,ANA101,1,91.9,26,14,7,0.88,2
500061,PHY102,1,94.8,26,24,7,0.79,1
500061,BCH103,1,76.8,26,6,7,0.89,2
500062,ANA101,1,91.0,33,22,9,0.91,6
500062,PHY102,1,89.6,33,27,9,0.85,7
500062,BCH103,1,91.3,33,7,9,0.9,3
500063,ANA101,1,92.9,29,5,9,0.85,3
500063,PHY102,1,83.8,29,6,9,0.77,3
500063,BCH103,1,79.8,29,25,9,0.9,2
500064,ANA101,1,89.9,26,2,20,0.91,3
500064,PHY102,1,85.7,26,11,20,0.91,2
500064,BCH103,1,90.4,26,11,20,0.84,3
500065,ANA101,1,98.0,34,22,7,0.87,5
500065,PHY102,1,91.2,34,29,7,0.75,1
500065,BCH103,1,85.7,34,3,7,0.9,4
500066,ANA101,1,81.8,28,23,13,0.88,1
500066,PHY102,1,94.4,28,4,13,0.79,5
500066,BCH103,1,84.1,28,5,13,0.88,3
500067,ANA101,1,81.6,30,4,10,0.86,7
500067,PHY102,1,86.1,30,19,10,0.86,3
500067,BCH103,1,79.6,30,24,10,0.85,3
500068,ANA101,1,84.4,32,16,9,0.88,4
500068,PHY102,1,86.3,32,29,9,0.88,5
500068,BCH103,1,94.6,32,12,9,0.9,3
500069,ANA101,1,87.5,27,6,10,0.93,5
500069,PHY102,1,87.5,27,23,10,0.86,4
500069,BCH103,1,75.8,27,23,10,0.82,5
500070,ANA101,1,94.6,30,4,10,0.85,4
500070,PHY102,1,80.8,30,21,10,0.77,4
500070,BCH103,1,97.1,30,27,10,0.91,1
500071,ANA101,1,77.0,23,8,9,0.72,2
500071,PHY102,1,88.0,23,11,9,0.8,1
500071,BCH103,1,83.8,23,18,9,0.82,1
500072,ANA101,1,84.6,26,23,8,0.93,5
500072,PHY102,1,83.7,26,11,8,0.85,3
500072,BCH103,1,81.6,26,22,8,0.86,3
500073,ANA101,1,99.7,15,8,8,0.87,4
500073,PHY102,1,90.1,15,11,8,0.93,3
500073,BCH103,1,87.0,15,1,8,0.92,5
500074,ANA101,1,77.2,33,5,8,0.9,3
500074,PHY102,1,90.2,33,27,8,0.89,3
500074,BCH103,1,86.5,33,27,8,0.84,3
500075,ANA101,1,87.9,29,4,10,0.92,3
500075,PHY102,1,92.8,29,27,10,0.89,1
500075,BCH103,1,79.1,29,26,10,0.88,1
500076,ANA101,1,84.4,20,2,9,0.82,1
500076,PHY102,1,75.6,20,15,9,0.88,3
500076,BCH103,1,79.8,20,2,9,0.74,2
500077,ANA101,1,85.3,30,25,12,0.86,4
500077,PHY102,1,100.0,30,17,12,0.89,6
500077,BCH103,1,82.7,30,14,12,0.9,6
500078,ANA101,1,88.2,29,3,13,0.89,7
500078,PHY102,1,78.0,29,14,13,0.91,2
500078,BCH103,1,83.2,29,26,13,0.94,2
500079,ANA101,1,99.4,31,25,9,0.88,3
500079,PHY102,1,96.8,31,26,9,0.77,1
500079,BCH103,1,90.5,31,16,9,0.88,1
500080,ANA101,1,80.9,30,19,8,0.83,2
500080,PHY102,1,100.0,30,28,8,0.85,3
500080,BCH103,1,77.8,30,20,8,0.91,4
500081,ANA101,1,85.7,27,20,13,0.78,3
500081,PHY102,1,87.8,27,25,13,0.85,1
500081,BCH103,1,87.5,27,16,13,0.85,3
500082,ANA101,1,80.8,33,23,9,0.84,3
500082,PHY102,1,93.7,33,3,9,0.86,4
500082,BCH103,1,73.6,33,30,9,0.9,6
500083,ANA101,1,93.6,30,11,10,0.82,4
500083,PHY102,1,99.3,30,24,10,0.87,4
500083,BCH103,1,84.6,30,18,10,0.74,2
500084,ANA101,1,93.6,14,5,8,0.92,5
500084,PHY102,1,82.8,14,3,8,0.85,5
500084,BCH103,1,91.7,14,12,8,0.91,4
500085,ANA101,1,76.9,18,8,9,0.82,3
500085,PHY102,1,87.0,18,15,9,0.85,1
500085,BCH103,1,98.1,18,13,9,0.88,2
500086,ANA101,1,85.2,28,0,13,0.86,3
500086,PHY102,1,96.0,28,2,13,0.79,2
500086,BCH103,1,97.8,28,24,13,0.78,3
500087,ANA101,1,84.1,35,11,12,0.84,3
500087,PHY102,1,91.0,35,29,12,0.76,1
500087,BCH103,1,86.0,35,16,12,0.87,0
500088,ANA101,1,94.1,23,7,6,0.93,3
500088,PHY102,1,100.0,23,18,6,0.74,3
500088,BCH103,1,95.2,23,16,6,0.86,2
500089,ANA101,1,85.5,30,12,6,0.8,6
500089,PHY102,1,93.2,30,28,6,0.91,1
500089,BCH103,1,95.1,30,15,6,0.81,6
500090,ANA101,1,92.6,30,19,8,0.85,3
500090,PHY102,1,70.8,30,26,8,0.91,1
500090,BCH103,1,80.8,30,9,8,0.89,3
500091,ANA101,1,95.3,36,5,8,0.91,1
500091,PHY102,1,78.3,36,12,8,0.72,2
500091,BCH103,1,99.2,36,30,8,0.88,2
500092,ANA101,1,96.9,20,18,11,0.75,4
500092,PHY102,1,74.8,20,11,11,0.77,1
500092,BCH103,1,83.8,20,15,11,0.88,0
500093,ANA101,1,87.4,34,27,3,0.84,4
500093,PHY102,1,84.2,34,4,3,0.78,3
500093,BCH103,1,88.8,34,30,3,0.74,2
500094,ANA101,1,93.4,30,26,13,0.73,0
500094,PHY102,1,85.2,30,4,13,0.92,3
500094,BCH103,1,89.0,30,10,13,0.87,6
500095,ANA101,1,80.4,10,4,6,0.76,1
500095,PHY102,1,72.8,10,3,6,0.9,3
500095,BCH103,1,88.4,10,3,6,0.87,5
500096,ANA101,1,95.0,32,11,12,0.81,6
500096,PHY102,1,91.7,32,28,12,0.91,2
500096,BCH103,1,74.9,32,20,12,0.94,3
500097,ANA101,1,88.8,32,29,5,0.86,5
500097,PHY102,1,93.8,32,12,5,0.92,3
500097,BCH103,1,88.9,32,3,5,0.83,2
500098,ANA101,1,99.3,30,25,8,0.77,1
500098,PHY102,1,72.9,30,23,8,0.77,4
500098,BCH103,1,86.8,30,26,8,0.91,5
500099,ANA101,1,90.7,27,18,12,0.87,6
500099,PHY102,1,80.8,27,15,12,0.75,0
500099,BCH103,1,99.0,27,22,12,0.91,2
500100,ANA101,1,84.2,29,3,9,0.91,4
500100,PHY102,1,90.9,29,4,9,0.84,4
500100,BCH103,1,83.4,29,23,9,0.93,3
500101,ANA101,1,90.9,33,17,13,0.77,3
500101,PHY102,1,83.1,33,29,13,0.89,4
500101,BCH103,1,83.8,33,24,13,0.82,1
500102,ANA101,1,100.0,22,7,17,0.88,4
500102,PHY102,1,84.1,22,7,17,0.92,0
500102,BCH103,1,91.6,22,8,17,0.73,5
500103,ANA101,1,93.0,18,15,7,0.75,5
500103,PHY102,1,98.6,18,4,7,0.87,1
500103,BCH103,1,92.2,18,1,7,0.84,4
500104,ANA101,1,95.7,19,9,6,0.86,1
500104,PHY102,1,99.4,19,14,6,0.78,3
500104,BCH103,1,87.1,19,4,6,0.88,6
500105,ANA101,1,92.9,22,20,5,0.8,7
500105,PHY102,1,83.8,22,8,5,0.81,1
500105,BCH103,1,93.5,22,19,5,0.75,5
500106,ANA101,1,92.1,23,15,4,0.78,2
500106,PHY102,1,93.9,23,1,4,0.93,0
500106,BCH103,1,85.6,23,19,4,0.84,4
500107,ANA101,1,85.2,34,5,8,0.83,3
500107,PHY102,1,84.0,34,7,8,0.89,3
500107,BCH103,1,86.1,34,29,8,0.88,4
500108,ANA101,1,80.6,28,22,4,0.76,2
500108,PHY102,1,96.6,28,2,4,0.82,4
500108,BCH103,1,77.1,28,21,4,0.85,4
500109,ANA101,1,79.9,13,4,1,0.89,2
500109,PHY102,1,93.6,13,8,1,0.86,4
500109,BCH103,1,89.7,13,7,1,0.9,1
500110,ANA101,1,94.3,22,6,7,0.91,5
500110,PHY102,1,87.1,22,16,7,0.82,2
500110,BCH103,1,85.0,22,3,7,0.91,4
500111,ANA101,1,85.0,30,26,14,0.92,5
500111,PHY102,1,88.4,30,25,14,0.84,2
500111,BCH103,1,95.9,30,27,14,0.86,2
500112,ANA101,1,92.0,33,27,10,0.91,5
500112,PHY102,1,83.0,33,5,10,0.79,1
500112,BCH103,1,78.4,33,6,10,0.89,4
500113,ANA101,1,79.1,20,16,5,0.84,3
500113,PHY102,1,95.0,20,0,5,0.9,0
500113,BCH103,1,85.5,20,18,5,0.87,4
500114,ANA101,1,83.1,17,14,6,0.77,2
500114,PHY102,1,89.6,17,14,6,0.91,5
500114,BCH103,1,80.5,17,3,6,0.78,2
500115,ANA101,1,94.4,31,28,11,0.74,1
500115,PHY102,1,92.3,31,11,11,0.77,3
500115,BCH103,1,94.0,31,27,11,0.89,4
500116,ANA101,1,94.7,27,23,10,0.91,5
500116,PHY102,1,87.8,27,18,10,0.86,4
500116,BCH103,1,81.0,27,10,10,0.91,3
500117,ANA101,1,81.4,21,10,8,0.9,1
500117,PHY102,1,91.5,21,16,8,0.9,2
500117,BCH103,1,84.5,21,0,8,0.85,2
500118,ANA101,1,89.9,14,0,12,0.8,1
500118,PHY102,1,87.5,14,11,12,0.86,3
500118,BCH103,1,84.6,14,7,12,0.87,2
500119,ANA101,1,84.0,28,18,10,0.88,0
500119,PHY102,1,96.0,28,2,10,0.84,3
500119,BCH103,1,89.2,28,26,10,0.76,1
500120,ANA101,1,93.9,25,15,8,0.85,3
500120,PHY102,1,85.4,25,22,8,0.84,5
500120,BCH103,1,98.1,25,8,8,0.74,3
500121,ANA101,1,81.0,31,13,9,0.85,4
500121,PHY102,1,81.6,31,7,9,0.9,3
500121,BCH103,1,79.7,31,29,9,0.81,2
500122,ANA101,1,84.4,30,27,10,0.87,8
500122,PHY102,1,79.1,30,1,10,0.86,5
500122,BCH103,1,90.8,30,12,10,0.69,3
500123,ANA101,1,95.8,25,18,13,0.87,6
500123,PHY102,1,91.2,25,15,13,0.79,5
500123,BCH103,1,83.1,25,23,13,0.82,0
500124,ANA101,1,93.0,31,21,6,0.87,7
500124,PHY102,1,97.4,31,25,6,0.88,0
500124,BCH103,1,95.9,31,13,6,0.9,3
500125,ANA101,1,96.8,30,26,9,0.88,7
500125,PHY102,1,76.8,30,2,9,0.87,3
500125,BCH103,1,85.7,30,25,9,0.8,3
500126,ANA101,1,85.0,21,16,8,0.83,3
500126,PHY102,1,88.7,21,14,8,0.9,3
500126,BCH103,1,90.1,21,0,8,0.89,3
500127,ANA101,1,87.2,18,16,3,0.83,2
500127,PHY102,1,93.0,18,13,3,0.77,7
500127,BCH103,1,89.7,18,6,3,0.81,2
500128,ANA101,1,98.9,31,10,7,0.83,6
500128,PHY102,1,91.6,31,13,7,0.89,4
500128,BCH103,1,85.6,31,25,7,0.79,3
500129,ANA101,1,93.2,24,2,4,0.86,3
500129,PHY102,1,79.8,24,8,4,0.76,2
500129,BCH103,1,91.7,24,21,4,0.81,3
500130,ANA101,1,89.7,32,27,9,0.8,3
500130,PHY102,1,99.1,32,15,9,0.87,5
500130,BCH103,1,82.2,32,13,9,0.85,2
500131,ANA101,1,91.0,29,21,8,0.87,1
500131,PHY102,1,98.0,29,26,8,0.79,1
500131,BCH103,1,84.4,29,5,8,0.94,3
500132,ANA101,1,77.4,29,22,10,0.8,6
500132,PHY102,1,95.8,29,0,10,0.85,4
500132,BCH103,1,95.6,29,24,10,0.92,3
500133,ANA101,1,99.5,32,10,10,0.8,6
500133,PHY102,1,95.7,32,20,10,0.86,3
500133,BCH103,1,82.8,32,28,10,0.81,5
500134,ANA101,1,89.7,35,30,4,0.8,1
500134,PHY102,1,90.4,35,23,4,0.85,1
500134,BCH103,1,92.2,35,20,4,0.85,4
500135,ANA101,1,82.9,20,17,9,0.9,3
500135,PHY102,1,86.2,20,11,9,0.88,4
500135,BCH103,1,82.8,20,1,9,0.89,6
500136,ANA101,1,100.0,14,3,10,0.92,6
500136,PHY102,1,99.0,14,12,10,0.84,3
500136,BCH103,1,93.2,14,3,10,0.81,2
500137,ANA101,1,88.0,19,12,12,0.78,7
500137,PHY102,1,84.1,19,5,12,0.86,8
500137,BCH103,1,100.0,19,15,12,0.77,5
500138,ANA101,1,89.4,23,20,9,0.92,3
500138,PHY102,1,96.0,23,12,9,0.85,3
500138,BCH103,1,92.2,23,0,9,0.85,2
500139,ANA101,1,94.0,31,4,7,0.84,1
500139,PHY102,1,87.9,31,26,7,0.86,4
500139,BCH103,1,95.4,31,2,7,0.94,2
500140,ANA101,1,96.8,36,30,10,0.86,3
500140,PHY102,1,84.5,36,20,10,0.79,6
500140,BCH103,1,84.8,36,8,10,0.86,2
500141,ANA101,1,79.9,17,2,13,0.89,1
500141,PHY102,1,77.1,17,9,13,0.9,5
500141,BCH103,1,87.1,17,9,13,0.83,2
500142,ANA101,1,86.7,31,29,10,0.76,3
500142,PHY102,1,100.0,31,7,10,0.9,1
500142,BCH103,1,96.0,31,23,10,0.82,3
500143,ANA101,1,89.6,18,0,4,0.88,0
500143,PHY102,1,78.8,18,9,4,0.83,3
500143,BCH103,1,96.6,18,15,4,0.88,3
500144,ANA101,1,97.8,23,5,10,0.81,4
500144,PHY102,1,92.4,23,17,10,0.9,2
500144,BCH103,1,91.4,23,10,10,0.92,3
500145,ANA101,1,83.1,32,24,9,0.85,6
500145,PHY102,1,91.4,32,28,9,0.86,1
500145,BCH103,1,89.4,32,8,9,0.93,3
500146,ANA101,1,88.2,26,22,9,0.89,1
500146,PHY102,1,90.0,26,5,9,0.88,5
500146,BCH103,1,89.3,26,7,9,0.87,5
500147,ANA101,1,81.7,29,6,8,0.88,3
500147,PHY102,1,93.6,29,22,8,0.81,5
500147,BCH103,1,79.5,29,25,8,0.93,4
500148,ANA101,1,78.3,22,17,9,0.88,2
500148,PHY102,1,94.4,22,17,9,0.82,2
500148,BCH103,1,88.6,22,18,9,0.9,5
500149,ANA101,1,93.8,32,30,9,0.81,4
500149,PHY102,1,99.8,32,4,9,0.84,2
500149,BCH103,1,89.8,32,30,9,0.87,4
500150,ANA101,1,84.5,25,19,5,0.85,3
500150,PHY102,1,79.9,25,19,5,0.87,3
500150,BCH103,1,98.4,25,6,5,0.85,4
500151,ANA101,1,88.6,30,27,11,0.88,3
500151,PHY102,1,100.0,30,27,11,0.91,3
500151,BCH103,1,97.5,30,20,11,0.92,5
500152,ANA101,1,83.2,28,23,8,0.81,1
500152,PHY102,1,90.8,28,0,8,0.92,3
500152,BCH103,1,86.8,28,23,8,0.89,2
500153,ANA101,1,93.5,31,27,9,0.83,3
500153,PHY102,1,82.3,31,3,9,0.86,3
500153,BCH103,1,80.9,31,2,9,0.91,2
500154,ANA101,1,76.5,25,23,8,0.85,2
500154,PHY102,1,81.2,25,16,8,0.86,4
500154,BCH103,1,72.1,25,10,8,0.87,1
500155,ANA101,1,80.8,19,0,13,0.81,5
500155,PHY102,1,88.2,19,14,13,0.66,4
500155,BCH103,1,79.9,19,9,13,0.93,2
500156,ANA101,1,91.4,18,0,12,0.83,0
500156,PHY102,1,89.3,18,15,12,0.86,2
500156,BCH103,1,81.9,18,13,12,0.92,2
500157,ANA101,1,82.6,19,13,13,0.81,3
500157,PHY102,1,79.7,19,3,13,0.77,5
500157,BCH103,1,91.3,19,2,13,0.93,7
500158,ANA101,1,81.3,27,25,8,0.82,5
500158,PHY102,1,97.1,27,2,8,0.88,2
500158,BCH103,1,92.2,27,14,8,0.83,4
500159,ANA101,1,87.4,9,4,5,0.65,2
500159,PHY102,1,87.3,9,5,5,0.79,4
500159,BCH103,1,100.0,9,3,5,0.93,7
500160,ANA101,1,74.6,28,26,8,0.75,5
500160,PHY102,1,94.6,28,13,8,0.92,7
500160,BCH103,1,86.9,28,21,8,0.86,5
500161,ANA101,1,90.3,31,7,12,0.87,8
500161,PHY102,1,72.0,31,26,12,0.83,3
500161,BCH103,1,96.7,31,10,12,0.73,3
500162,ANA101,1,90.9,22,16,13,0.79,6
500162,PHY102,1,94.7,22,11,13,0.87,4
500162,BCH103,1,82.7,22,15,13,0.74,1
500163,ANA101,1,88.6,18,13,6,0.92,4
500163,PHY102,1,93.2,18,2,6,0.89,3
500163,BCH103,1,98.1,18,6,6,0.77,2
500164,ANA101,1,83.7,24,20,13,0.7,3
500164,PHY102,1,100.0,24,19,13,0.85,1
500164,BCH103,1,95.5,24,13,13,0.86,7
500165,ANA101,1,85.6,33,2,5,0.78,2
500165,PHY102,1,91.0,33,8,5,0.8,2
500165,BCH103,1,97.2,33,27,5,0.9,3
500166,ANA101,1,92.5,31,18,9,0.75,7
500166,PHY102,1,100.0,31,27,9,0.9,5
500166,BCH103,1,81.7,31,29,9,0.85,4
500167,ANA101,1,94.0,33,26,9,0.88,4
500167,PHY102,1,92.0,33,6,9,0.78,2
500167,BCH103,1,100.0,33,30,9,0.86,5
500168,ANA101,1,78.6,30,1,13,0.94,3
500168,PHY102,1,81.9,30,20,13,0.79,2
500168,BCH103,1,79.0,30,24,13,0.78,4
500169,ANA101,1,86.8,26,2,3,0.92,7
500169,PHY102,1,96.7,26,7,3,0.69,2
500169,BCH103,1,100.0,26,20,3,0.87,2
500170,ANA101,1,81.8,34,30,5,0.86,2
500170,PHY102,1,90.2,34,9,5,0.89,3
500170,BCH103,1,77.1,34,5,5,0.93,2
500171,ANA101,1,97.0,36,13,2,0.88,3
500171,PHY102,1,95.1,36,28,2,0.91,3
500171,BCH103,1,100.0,36,30,2,0.86,1
500172,ANA101,1,92.1,28,20,6,0.89,4
500172,PHY102,1,87.1,28,20,6,0.82,4
500172,BCH103,1,81.2,28,22,6,0.92,1
500173,ANA101,1,91.1,12,10,3,0.87,5
500173,PHY102,1,100.0,12,3,3,0.77,6
500173,BCH103,1,83.5,12,6,3,0.89,4
500174,ANA101,1,97.0,26,22,10,0.72,4
500174,PHY102,1,86.4,26,20,10,0.86,4
500174,BCH103,1,89.2,26,2,10,0.82,2
500175,ANA101,1,89.9,29,25,5,0.73,2
500175,PHY102,1,100.0,29,7,5,0.84,6
500175,BCH103,1,96.1,29,26,5,0.71,4
500176,ANA101,1,92.2,24,2,7,0.81,0
500176,PHY102,1,82.1,24,9,7,0.89,3
500176,BCH103,1,77.8,24,22,7,0.85,6
500177,ANA101,1,83.9,30,25,15,0.87,2
500177,PHY102,1,91.5,30,4,15,0.88,6
500177,BCH103,1,89.1,30,22,15,0.87,1
500178,ANA101,1,87.1,33,28,10,0.7,2
500178,PHY102,1,83.7,33,21,10,0.82,4
500178,BCH103,1,84.9,33,14,10,0.88,3
500179,ANA101,1,82.8,36,30,7,0.72,4
500179,PHY102,1,76.4,36,2,7,0.87,3
500179,BCH103,1,90.8,36,12,7,0.83,3
500180,ANA101,1,80.9,31,25,10,0.79,3
500180,PHY102,1,87.4,31,16,10,0.86,5
500180,BCH103,1,90.5,31,0,10,0.94,4
500181,ANA101,1,88.8,25,13,11,0.84,2
500181,PHY102,1,82.6,25,20,11,0.92,2
500181,BCH103,1,100.0,25,0,11,0.79,4
500182,ANA101,1,89.4,21,2,12,0.81,3
500182,PHY102,1,98.6,21,19,12,0.91,1
500182,BCH103,1,80.0,21,11,12,0.8,1
500183,ANA101,1,77.6,24,7,7,0.88,4
500183,PHY102,1,83.2,24,11,7,0.91,5
500183,BCH103,1,82.3,24,21,7,0.88,3
500184,ANA101,1,94.2,24,20,10,0.93,1
500184,PHY102,1,79.5,24,10,10,0.71,3
500184,BCH103,1,89.2,24,21,10,0.93,1
500185,ANA101,1,82.8,30,28,9,0.83,1
500185,PHY102,1,100.0,30,15,9,0.84,3
500185,BCH103,1,84.9,30,18,9,0.87,4
500186,ANA101,1,96.6,22,1,9,0.92,6
500186,PHY102,1,89.7,22,16,9,0.81,6
500186,BCH103,1,89.3,22,8,9,0.8,3
500187,ANA101,1,87.4,24,7,8,0.88,3
500187,PHY102,1,93.3,24,3,8,0.88,4
500187,BCH103,1,86.5,24,19,8,0.89,1
500188,ANA101,1,84.1,31,6,11,0.84,2
500188,PHY102,1,80.6,31,17,11,0.89,2
500188,BCH103,1,88.5,31,25,11,0.86,5
500189,ANA101,1,89.2,24,7,11,0.84,6
500189,PHY102,1,82.2,24,11,11,0.84,1
500189,BCH103,1,71.6,24,19,11,0.77,4
500190,ANA101,1,91.1,25,2,4,0.78,2
500190,PHY102,1,86.1,25,20,4,0.91,4
500190,BCH103,1,79.5,25,1,4,0.74,3
500191,ANA101,1,80.9,23,19,7,0.93,6
500191,PHY102,1,88.9,23,5,7,0.77,1
500191,BCH103,1,99.2,23,5,7,0.87,3
500192,ANA101,1,82.8,30,17,9,0.9,8
500192,PHY102,1,83.1,30,7,9,0.85,2
500192,BCH103,1,88.9,30,27,9,0.82,5
500193,ANA101,1,81.9,32,4,11,0.9,2
500193,PHY102,1,94.2,32,15,11,0.85,4
500193,BCH103,1,83.1,32,27,11,0.91,0
500194,ANA101,1,96.6,24,4,10,0.8,1
500194,PHY102,1,93.0,24,14,10,0.9,7
500194,BCH103,1,92.4,24,19,10,0.82,4
500195,ANA101,1,81.6,28,26,12,0.89,2
500195,PHY102,1,81.7,28,25,12,0.72,1
500195,BCH103,1,89.6,28,21,12,0.9,5
500196,ANA101,1,78.0,32,12,8,0.78,3
500196,PHY102,1,86.5,32,22,8,0.83,5
500196,BCH103,1,92.2,32,28,8,0.88,3
500197,ANA101,1,79.9,33,0,7,0.89,4
500197,PHY102,1,96.8,33,30,7,0.87,1
500197,BCH103,1,60.5,33,15,7,0.74,3
500198,ANA101,1,100.0,13,7,9,0.83,2
500198,PHY102,1,92.7,13,4,9,0.89,7
500198,BCH103,1,86.8,13,2,9,0.93,3
500199,ANA101,1,93.4,34,7,13,0.87,5
500199,PHY102,1,79.9,34,10,13,0.76,2
500199,BCH103,1,78.1,34,30,13,0.91,5
500200,ANA101,1,93.7,34,12,7,0.91,2
500200,PHY102,1,97.1,34,30,7,0.91,5
500200,BCH103,1,86.0,34,3,7,0.88,2
500201,ANA101,1,86.1,22,12,8,0.76,6
500201,PHY102,1,83.2,22,16,8,0.9,3
500201,BCH103,1,87.8,22,19,8,0.84,5
500202,ANA101,1,78.1,17,3,7,0.73,4
500202,PHY102,1,74.5,17,0,7,0.9,6
500202,BCH103,1,87.8,17,13,7,0.87,6
500203,ANA101,1,84.2,33,27,9,0.89,2
500203,PHY102,1,98.5,33,11,9,0.86,2
500203,BCH103,1,86.4,33,27,9,0.93,7
500204,ANA101,1,94.7,16,5,12,0.93,4
500204,PHY102,1,85.9,16,14,12,0.91,3
500204,BCH103,1,85.4,16,10,12,0.8,3
500205,ANA101,1,82.5,20,17,9,0.89,6
500205,PHY102,1,77.3,20,14,9,0.76,5
500205,BCH103,1,75.2,20,14,9,0.88,3
500206,ANA101,1,94.7,18,14,8,0.84,2
500206,PHY102,1,86.2,18,12,8,0.85,3
500206,BCH103,1,93.3,18,14,8,0.9,1
500207,ANA101,1,89.7,29,9,8,0.82,2
500207,PHY102,1,72.9,29,24,8,0.86,2
500207,BCH103,1,78.5,29,14,8,0.9,2
500208,ANA101,1,87.5,34,1,5,0.91,1
500208,PHY102,1,89.6,34,28,5,0.9,3
500208,BCH103,1,84.0,34,5,5,0.84,2
500209,ANA101,1,93.6,24,20,8,0.89,2
500209,PHY102,1,100.0,24,19,8,0.86,4
500209,BCH103,1,97.8,24,6,8,0.89,6
500210,ANA101,1,87.9,33,30,1,0.83,2
500210,PHY102,1,81.8,33,6,1,0.93,6
500210,BCH103,1,98.2,33,10,1,0.75,1
500211,ANA101,1,100.0,20,13,10,0.81,4
500211,PHY102,1,88.7,20,16,10,0.8,2
500211,BCH103,1,85.0,20,12,10,0.86,3
500212,ANA101,1,85.9,26,22,7,0.9,6
500212,PHY102,1,91.4,26,5,7,0.86,1
500212,BCH103,1,91.2,26,1,7,0.9,1
500213,ANA101,1,87.2,28,4,10,0.93,5
500213,PHY102,1,85.1,28,25,10,0.88,1
500213,BCH103,1,78.5,28,13,10,0.93,2
500214,ANA101,1,80.9,29,13,9,0.83,2
500214,PHY102,1,90.2,29,24,9,0.85,3
500214,BCH103,1,91.9,29,2,9,0.91,4
500215,ANA101,1,98.0,35,30,9,0.86,4
500215,PHY102,1,92.1,35,18,9,0.92,4
500215,BCH103,1,76.6,35,27,9,0.93,2
500216,ANA101,1,88.6,29,27,6,0.74,6
500216,PHY102,1,90.3,29,24,6,0.83,3
500216,BCH103,1,82.0,29,27,6,0.85,5
500217,ANA101,1,94.6,26,24,12,0.83,6
500217,PHY102,1,84.1,26,8,12,0.74,6
500217,BCH103,1,87.7,26,15,12,0.83,3
500218,ANA101,1,92.6,23,15,12,0.78,2
500218,PHY102,1,74.7,23,21,12,0.75,3
500218,BCH103,1,100.0,23,17,12,0.86,2
500219,ANA101,1,83.8,29,3,5,0.92,3
500219,PHY102,1,85.1,29,21,5,0.8,3
500219,BCH103,1,82.9,29,26,5,0.88,3
500220,ANA101,1,91.0,31,26,9,0.84,1
500220,PHY102,1,100.0,31,9,9,0.8,4
500220,BCH103,1,95.0,31,15,9,0.9,0
500221,ANA101,1,98.9,29,12,14,0.83,5
500221,PHY102,1,75.3,29,13,14,0.89,3
500221,BCH103,1,80.9,29,23,14,0.87,1
500222,ANA101,1,87.1,17,14,9,0.91,3
500222,PHY102,1,100.0,17,8,9,0.84,4
500222,BCH103,1,86.3,17,6,9,0.83,1
500223,ANA101,1,86.5,29,1,6,0.85,2
500223,PHY102,1,83.0,29,26,6,0.93,0
500223,BCH103,1,87.7,29,26,6,0.81,2
500224,ANA101,1,94.9,29,17,3,0.82,4
500224,PHY102,1,89.5,29,25,3,0.87,6
500224,BCH103,1,91.9,29,23,3,0.78,4
500225,ANA101,1,72.8,27,6,13,0.85,2
500225,PHY102,1,92.9,27,21,13,0.87,4
500225,BCH103,1,87.0,27,4,13,0.92,4
500226,ANA101,1,91.7,22,14,5,0.77,1
500226,PHY102,1,93.4,22,12,5,0.73,0
500226,BCH103,1,89.3,22,16,5,0.86,2
500227,ANA101,1,82.0,23,18,3,0.92,2
500227,PHY102,1,79.6,23,5,3,0.84,2
500227,BCH103,1,85.6,23,7,3,0.88,1
500228,ANA101,1,67.8,18,8,12,0.91,4
500228,PHY102,1,84.3,18,2,12,0.89,5
500228,BCH103,1,89.1,18,3,12,0.83,2
500229,ANA101,1,74.6,17,3,11,0.91,3
500229,PHY102,1,92.7,17,8,11,0.8,1
500229,BCH103,1,93.0,17,0,11,0.92,2
500230,ANA101,1,75.6,34,19,9,0.85,4
500230,PHY102,1,84.0,34,20,9,0.93,2
500230,BCH103,1,89.8,34,29,9,0.82,4
500231,ANA101,1,87.5,19,9,10,0.86,3
500231,PHY102,1,88.4,19,14,10,0.94,5
500231,BCH103,1,89.1,19,0,10,0.8,6
500232,ANA101,1,85.5,26,8,9,0.87,5
500232,PHY102,1,87.4,26,23,9,0.9,1
500232,BCH103,1,100.0,26,24,9,0.78,6
500233,ANA101,1,91.2,29,8,10,0.87,8
500233,PHY102,1,92.7,29,26,10,0.85,3
500233,BCH103,1,85.3,29,14,10,0.94,2
500234,ANA101,1,92.8,35,29,9,0.9,5
500234,PHY102,1,92.0,35,6,9,0.81,3
500234,BCH103,1,88.9,35,29,9,0.86,2
500235,ANA101,1,80.6,30,5,10,0.86,4
500235,PHY102,1,77.8,30,4,10,0.73,3
500235,BCH103,1,91.4,30,25,10,0.84,3
500236,ANA101,1,100.0,31,26,9,0.93,5
500236,PHY102,1,86.8,31,6,9,0.86,1
500236,BCH103,1,79.4,31,29,9,0.72,4
500237,ANA101,1,94.1,35,13,11,0.79,3
500237,PHY102,1,91.4,35,29,11,0.78,1
500237,BCH103,1,83.7,35,16,11,0.76,5
500238,ANA101,1,98.5,28,25,7,0.74,3
500238,PHY102,1,80.0,28,22,7,0.93,3
500238,BCH103,1,87.5,28,13,7,0.65,4
500239,ANA101,1,99.7,31,2,9,0.78,6
500239,PHY102,1,78.9,31,29,9,0.88,6
500239,BCH103,1,92.8,31,22,9,0.79,2
500240,ANA101,1,92.4,27,24,4,0.81,2
500240,PHY102,1,74.2,27,23,4,0.91,2
500240,BCH103,1,89.6,27,17,4,0.88,5
500241,ANA101,1,84.3,23,9,8,0.85,1
500241,PHY102,1,88.1,23,21,8,0.89,3
500241,BCH103,1,82.3,23,0,8,0.89,2
500242,ANA101,1,91.0,31,19,13,0.86,4
500242,PHY102,1,83.8,31,28,13,0.71,3
500242,BCH103,1,90.3,31,7,13,0.89,3
500243,ANA101,1,84.3,33,29,9,0.86,3
500243,PHY102,1,92.6,33,3,9,0.79,3
500243,BCH103,1,70.7,33,23,9,0.72,8
500244,ANA101,1,93.7,32,19,7,0.88,1
500244,PHY102,1,93.3,32,27,7,0.81,4
500244,BCH103,1,89.2,32,26,7,0.88,6
500245,ANA101,1,90.1,24,19,8,0.9,0
500245,PHY102,1,84.6,24,21,8,0.81,2
500245,BCH103,1,94.6,24,12,8,0.77,6
500246,ANA101,1,94.0,28,2,11,0.9,5
500246,PHY102,1,80.9,28,20,11,0.93,2
500246,BCH103,1,82.1,28,22,11,0.93,1
500247,ANA101,1,89.3,30,24,7,0.93,3
500247,PHY102,1,100.0,30,2,7,0.88,5
500247,BCH103,1,89.2,30,17,7,0.86,1
500248,ANA101,1,90.7,21,18,14,0.8,4
500248,PHY102,1,97.4,21,15,14,0.79,2
500248,BCH103,1,92.5,21,11,14,0.88,4
500249,ANA101,1,88.1,31,25,9,0.87,6
500249,PHY102,1,88.1,31,5,9,0.92,6
500249,BCH103,1,88.3,31,16,9,0.78,4
500250,ANA101,1,73.2,34,9,10,0.83,3
500250,PHY102,1,87.5,34,28,10,0.86,7
500250,BCH103,1,82.7,34,19,10,0.84,2
500251,PHA204,2,87.8,19,12,15,0.88,3
500251,FMT205,2,72.6,19,11,15,0.72,1
500252,PHA204,2,95.0,20,2,15,0.74,1
500252,FMT205,2,75.7,20,15,15,0.79,1
500253,PHA204,2,88.7,34,7,7,0.77,4
500253,FMT205,2,77.0,34,28,7,0.75,4
500254,PHA204,2,71.2,27,25,7,0.85,5
500254,FMT205,2,89.2,27,10,7,0.83,2
500255,PHA204,2,85.7,26,22,8,0.85,1
500255,FMT205,2,89.3,26,11,8,0.9,2
500256,PHA204,2,73.8,29,26,9,0.89,2
500256,FMT205,2,85.8,29,9,9,0.69,6
500257,PHA204,2,82.0,28,26,12,0.91,0
500257,FMT205,2,91.0,28,15,12,0.93,6
500258,PHA204,2,83.2,9,4,7,0.81,4
500258,FMT205,2,82.5,9,1,7,0.77,2
500259,PHA204,2,78.7,27,25,9,0.91,4
500259,FMT205,2,85.0,27,25,9,0.88,4
500260,PHA204,2,85.0,12,10,5,0.88,5
500260,FMT205,2,79.6,12,2,5,0.93,6
500261,PHA204,2,85.5,21,17,13,0.93,1
500261,FMT205,2,78.9,21,12,13,0.91,1
500262,PHA204,2,75.3,24,20,13,0.89,2
500262,FMT205,2,96.6,24,11,13,0.79,3
500263,PHA204,2,75.6,27,23,2,0.93,4
500263,FMT205,2,85.5,27,22,2,0.9,2
500264,PHA204,2,93.5,22,18,10,0.82,3
500264,FMT205,2,80.5,22,13,10,0.88,4
500265,PHA204,2,89.7,14,2,8,0.83,4
500265,FMT205,2,80.7,14,1,8,0.87,3
500266,PHA204,2,91.3,14,0,9,0.87,2
500266,FMT205,2,81.6,14,0,9,0.9,1
500267,PHA204,2,77.7,20,17,10,0.86,2
500267,FMT205,2,93.3,20,3,10,0.81,2
500268,PHA204,2,88.5,27,15,9,0.93,4
500268,FMT205,2,75.4,27,22,9,0.85,1
500269,PHA204,2,84.8,25,21,10,0.9,2
500269,FMT205,2,81.5,25,8,10,0.92,1
500270,PHA204,2,97.6,29,24,8,0.89,1
500270,FMT205,2,74.8,29,2,8,0.89,1
500271,PHA204,2,97.9,15,11,13,0.78,2
500271,FMT205,2,79.6,15,1,13,0.93,2
500272,PHA204,2,94.6,18,9,12,0.88,6
500272,FMT205,2,96.4,18,9,12,0.79,2
500273,PHA204,2,87.3,18,13,2,0.83,4
500273,FMT205,2,86.5,18,5,2,0.89,1
500274,PHA204,2,86.7,24,19,12,0.8,5
500274,FMT205,2,80.7,24,6,12,0.86,2
500275,PHA204,2,87.6,28,10,9,0.81,3
500275,FMT205,2,83.0,28,26,9,0.89,3
500276,PHA204,2,91.0,30,19,5,0.89,4
500276,FMT205,2,84.8,30,25,5,0.93,1
500277,PHA204,2,88.8,30,24,8,0.79,2
500277,FMT205,2,80.9,30,2,8,0.73,2
500278,PHA204,2,98.0,12,1,10,0.88,3
500278,FMT205,2,92.8,12,9,10,0.94,2
500279,PHA204,2,94.9,23,18,12,0.82,2
500279,FMT205,2,83.8,23,3,12,0.89,2
500280,PHA204,2,87.8,29,24,13,0.89,4
500280,FMT205,2,91.5,29,24,13,0.85,1
500281,PHA204,2,87.6,15,9,8,0.9,0
500281,FMT205,2,99.3,15,0,8,0.9,1
500282,PHA204,2,86.1,15,8,8,0.91,3
500282,FMT205,2,72.6,15,11,8,0.86,2
500283,PHA204,2,79.4,30,7,12,0.81,2
500283,FMT205,2,82.7,30,25,12,0.88,1
500284,PHA204,2,89.3,20,17,9,0.84,2
500284,FMT205,2,84.6,20,0,9,0.86,4
500285,PHA204,2,91.7,24,18,8,0.82,0
500285,FMT205,2,91.6,24,7,8,0.79,4
500286,PHA204,2,76.4,28,4,3,0.77,6
500286,FMT205,2,92.1,28,25,3,0.84,0
500287,PHA204,2,74.5,21,17,11,0.78,5
500287,FMT205,2,80.1,21,6,11,0.81,2
500288,PHA204,2,76.2,32,26,10,0.78,6
500288,FMT205,2,90.3,32,8,10,0.77,2
500289,PHA204,2,86.1,17,14,8,0.93,3
500289,FMT205,2,95.5,17,12,8,0.83,1
500290,PHA204,2,93.7,24,17,9,0.85,4
500290,FMT205,2,74.2,24,21,9,0.93,2
500291,PHA204,2,91.5,28,1,4,0.76,5
500291,FMT205,2,86.9,28,26,4,0.9,3
500292,PHA204,2,87.9,30,24,10,0.89,1
500292,FMT205,2,80.1,30,16,10,0.75,2
500293,PHA204,2,76.8,25,16,13,0.93,7
500293,FMT205,2,82.0,25,21,13,0.83,2
500294,PHA204,2,80.1,34,24,12,0.92,1
500294,FMT205,2,85.6,34,28,12,0.87,1
500295,PHA204,2,90.5,20,17,6,0.8,4
500295,FMT205,2,77.0,20,1,6,0.85,2
500296,PHA204,2,90.1,31,28,7,0.92,3
500296,FMT205,2,89.1,31,20,7,0.9,2
500297,PHA204,2,92.0,32,26,7,0.79,1
500297,FMT205,2,93.0,32,9,7,0.77,3
500298,PHA204,2,86.1,26,21,8,0.85,1
500298,FMT205,2,78.2,26,0,8,0.82,0
500299,PHA204,2,85.0,31,5,10,0.78,5
500299,FMT205,2,64.7,31,28,10,0.89,2
500300,PHA204,2,94.6,32,26,12,0.92,7
500300,FMT205,2,88.2,32,16,12,0.89,3
500301,PHA204,2,79.5,22,19,7,0.76,3
500301,FMT205,2,95.1,22,15,7,0.9,0
500302,PHA204,2,95.8,24,8,7,0.78,1
500302,FMT205,2,95.9,24,19,7,0.89,1
500303,PHA204,2,85.7,23,17,5,0.84,3
500303,FMT205,2,83.2,23,6,5,0.84,2
500304,PHA204,2,74.0,21,0,16,0.85,4
500304,FMT205,2,78.3,21,0,16,0.94,4
500305,PHA204,2,90.5,30,13,5,0.88,4
500305,FMT205,2,90.8,30,26,5,0.9,1
500306,PHA204,2,84.6,31,10,13,0.75,3
500306,FMT205,2,83.5,31,27,13,0.87,2
500307,PHA204,2,100.0,28,1,10,0.75,2
500307,FMT205,2,85.3,28,25,10,0.83,3
500308,PHA204,2,85.6,26,17,10,0.88,4
500308,FMT205,2,73.6,26,23,10,0.84,2
500309,PHA204,2,88.8,28,11,11,0.82,3
500309,FMT205,2,66.6,28,23,11,0.78,3
500310,PHA204,2,83.2,22,0,7,0.88,4
500310,FMT205,2,93.0,22,17,7,0.82,2
500311,PHA204,2,79.5,27,3,12,0.76,4
500311,FMT205,2,86.5,27,22,12,0.87,4
500312,PHA204,2,81.8,34,28,4,0.93,3
500312,FMT205,2,93.2,34,14,4,0.92,2
500313,PHA204,2,91.6,29,26,8,0.9,2
500313,FMT205,2,86.1,29,6,8,0.8,3
500314,PHA204,2,93.4,27,0,13,0.87,8
500314,FMT205,2,89.4,27,25,13,0.74,4
500315,PHA204,2,99.9,19,14,10,0.83,1
500315,FMT205,2,76.2,19,8,10,0.85,2
500316,PHA204,2,90.2,20,1,5,0.89,6
500316,FMT205,2,90.1,20,17,5,0.9,3
500317,PHA204,2,93.2,14,5,7,0.85,3
500317,FMT205,2,82.0,14,8,7,0.82,2
500318,PHA204,2,79.1,20,10,7,0.76,3
500318,FMT205,2,88.6,20,16,7,0.91,4
500319,PHA204,2,85.1,21,19,14,0.84,1
500319,FMT205,2,83.1,21,10,14,0.82,1
500320,PHA204,2,92.3,34,28,9,0.8,2
500320,FMT205,2,86.6,34,1,9,0.89,2
500321,PHA204,2,94.5,32,28,9,0.88,2
500321,FMT205,2,81.7,32,23,9,0.71,3
500322,PHA204,2,92.3,30,26,11,0.79,6
500322,FMT205,2,85.0,30,24,11,0.85,1
500323,PHA204,2,79.4,15,0,12,0.83,3
500323,FMT205,2,91.2,15,11,12,0.77,1
500324,PHA204,2,76.4,24,4,9,0.89,4
500324,FMT205,2,96.4,24,18,9,0.89,1
500325,PHA204,2,90.7,23,21,10,0.82,3
500325,FMT205,2,89.7,23,15,10,0.82,2
500326,PHA204,2,90.7,32,28,6,0.9,4
500326,FMT205,2,84.5,32,3,6,0.82,1
500327,PHA204,2,92.4,17,11,9,0.91,4
500327,FMT205,2,87.6,17,5,9,0.88,6
500328,PHA204,2,83.5,24,20,3,0.81,4
500328,FMT205,2,86.7,24,17,3,0.81,4
500329,PHA204,2,76.6,23,20,10,0.81,2
500329,FMT205,2,99.6,23,8,10,0.89,1
500330,PHA204,2,73.5,23,7,11,0.81,2
500330,FMT205,2,77.3,23,17,11,0.77,2
500331,PHA204,2,92.1,26,24,6,0.91,2
500331,FMT205,2,86.7,26,5,6,0.87,0
500332,PHA204,2,90.4,21,19,7,0.92,3
500332,FMT205,2,96.2,21,15,7,0.79,2
500333,PHA204,2,100.0,28,1,7,0.89,3
500333,FMT205,2,73.4,28,26,7,0.84,3
500334,PHA204,2,93.9,30,28,4,0.92,1
500334,FMT205,2,87.7,30,4,4,0.81,0
500335,PHA204,2,91.9,25,15,12,0.85,2
500335,FMT205,2,83.8,25,19,12,0.91,1
500336,PHA204,2,84.5,28,21,7,0.8,2
500336,FMT205,2,79.0,28,24,7,0.81,2
500337,PHA204,2,89.7,25,22,5,0.82,4
500337,FMT205,2,82.9,25,0,5,0.78,0
500338,PHA204,2,84.5,24,22,7,0.9,2
500338,FMT205,2,81.2,24,15,7,0.77,1
500339,PHA204,2,92.6,22,4,11,0.86,2
500339,FMT205,2,83.0,22,17,11,0.79,2
500340,PHA204,2,72.6,16,1,7,0.81,4
500340,FMT205,2,85.1,16,14,7,0.88,0
500341,PHA204,2,85.5,31,2,10,0.87,2
500341,FMT205,2,76.8,31,25,10,0.91,4
500342,PHA204,2,97.7,25,19,9,0.91,1
500342,FMT205,2,84.2,25,0,9,0.87,3
500343,PHA204,2,88.6,28,8,9,0.89,5
500343,FMT205,2,87.0,28,25,9,0.82,2
500344,PHA204,2,80.0,26,20,9,0.87,4
500344,FMT205,2,96.6,26,23,9,0.79,2
500345,PHA204,2,100.0,31,8,13,0.88,3
500345,FMT205,2,86.8,31,25,13,0.9,0
500346,PHA204,2,90.4,18,13,13,0.92,4
500346,FMT205,2,82.9,18,4,13,0.89,2
500347,PHA204,2,91.8,31,27,12,0.88,0
500347,FMT205,2,79.4,31,14,12,0.86,3
500348,PHA204,2,96.7,20,16,9,0.94,6
500348,FMT205,2,78.0,20,17,9,0.91,1
500349,PHA204,2,84.6,12,10,8,0.86,2
500349,FMT205,2,91.7,12,0,8,0.86,3
500350,PHA204,2,90.7,26,18,6,0.83,3
500350,FMT205,2,88.4,26,24,6,0.72,2
500351,PHA204,2,100.0,28,14,15,0.88,3
500351,FMT205,2,76.8,28,23,15,0.83,2
500352,PHA204,2,75.3,18,7,12,0.9,4
500352,FMT205,2,92.0,18,11,12,0.87,3
500353,PHA204,2,69.5,20,6,9,0.89,2
500353,FMT205,2,83.6,20,15,9,0.86,1
500354,PHA204,2,85.0,27,21,10,0.84,1
500354,FMT205,2,84.9,27,3,10,0.9,0
500355,PHA204,2,99.4,20,18,10,0.9,2
500355,FMT205,2,81.6,20,5,10,0.76,1
500356,PHA204,2,85.9,25,19,14,0.9,4
500356,FMT205,2,81.2,25,22,14,0.85,2
500357,PHA204,2,82.8,18,10,13,0.89,3
500357,FMT205,2,84.2,18,16,13,0.72,0
500358,PHA204,2,89.7,21,15,2,0.81,2
500358,FMT205,2,83.2,21,9,2,0.78,0
500359,PHA204,2,81.7,22,17,12,0.8,4
500359,FMT205,2,89.3,22,2,12,0.82,1
500360,PHA204,2,81.8,27,21,8,0.85,4
500360,FMT205,2,90.2,27,21,8,0.9,4
500361,PHA204,2,93.3,21,14,9,0.92,5
500361,FMT205,2,84.4,21,17,9,0.77,3
500362,PHA204,2,82.4,24,9,6,0.9,2
500362,FMT205,2,90.5,24,20,6,0.89,1
500363,PHA204,2,86.1,9,3,7,0.81,2
500363,FMT205,2,68.9,9,2,7,0.88,2
500364,PHA204,2,83.7,16,0,8,0.87,8
500364,FMT205,2,95.6,16,14,8,0.85,2
500365,PHA204,2,76.0,29,25,11,0.93,5
500365,FMT205,2,99.8,29,12,11,0.92,4
500366,PHA204,2,76.6,32,27,7,0.9,5
500366,FMT205,2,78.8,32,7,7,0.93,1
500367,PHA204,2,94.1,29,12,4,0.82,4
500367,FMT205,2,80.9,29,23,4,0.82,3
500368,PHA204,2,95.9,26,2,9,0.88,2
500368,FMT205,2,87.0,26,23,9,0.86,2
500369,PHA204,2,80.1,33,14,8,0.88,3
500369,FMT205,2,78.4,33,27,8,0.91,0
500370,PHA204,2,86.9,16,2,7,0.91,3
500370,FMT205,2,80.2,16,11,7,0.81,2
500371,PHA204,2,94.0,31,28,10,0.76,1
500371,FMT205,2,88.3,31,1,10,0.86,1
500372,PHA204,2,78.7,23,4,4,0.94,2
500372,FMT205,2,80.9,23,20,4,0.75,1
500373,PHA204,2,86.2,23,17,3,0.79,2
500373,FMT205,2,81.9,23,9,3,0.93,2
500374,PHA204,2,88.0,29,0,9,0.87,4
500374,FMT205,2,93.6,29,25,9,0.88,3
500375,PHA204,2,90.0,27,5,10,0.8,3
500375,FMT205,2,78.8,27,24,10,0.82,4
500376,PHA204,2,80.3,15,8,12,0.79,3
500376,FMT205,2,93.0,15,3,12,0.91,0
500377,PHA204,2,93.5,29,24,10,0.86,3
500377,FMT205,2,85.9,29,24,10,0.82,1
500378,PHA204,2,97.6,25,20,13,0.83,3
500378,FMT205,2,79.0,25,5,13,0.83,0
500379,PHA204,2,83.0,21,1,7,0.83,2
500379,FMT205,2,92.5,21,19,7,0.91,0
500380,PHA204,2,80.1,16,13,14,0.86,3
500380,FMT205,2,82.3,16,8,14,0.91,1
500381,PHA204,2,93.7,29,8,14,0.83,2
500381,FMT205,2,82.0,29,23,14,0.78,0
500382,PHA204,2,84.6,13,1,10,0.86,8
500382,FMT205,2,88.6,13,9,10,0.88,3
500383,PHA204,2,85.8,17,15,9,0.88,4
500383,FMT205,2,89.3,17,10,9,0.84,2
500384,PHA204,2,92.0,23,21,7,0.83,2
500384,FMT205,2,100.0,23,6,7,0.86,2
500385,PHA204,2,81.0,31,27,10,0.89,6
500385,FMT205,2,100.0,31,11,10,0.79,1
500386,PHA204,2,89.0,24,13,7,0.79,2
500386,FMT205,2,81.8,24,21,7,0.78,1
500387,PHA204,2,79.1,17,15,10,0.84,2
500387,FMT205,2,97.6,17,12,10,0.9,2
500388,PHA204,2,82.5,18,3,13,0.89,3
500388,FMT205,2,87.5,18,6,13,0.89,2
500389,PHA204,2,82.4,19,9,11,0.7,4
500389,FMT205,2,78.9,19,13,11,0.89,2
500390,PHA204,2,80.3,10,0,5,0.78,4
500390,FMT205,2,81.4,10,5,5,0.74,4
500391,PHA204,2,93.9,29,5,5,0.83,2
500391,FMT205,2,84.9,29,26,5,0.84,5
500392,PHA204,2,81.0,21,15,13,0.84,1
500392,FMT205,2,73.7,21,5,13,0.79,2
500393,PHA204,2,88.3,31,26,11,0.92,2
500393,FMT205,2,93.1,31,6,11,0.85,1
500394,PHA204,2,71.4,17,4,13,0.85,1
500394,FMT205,2,79.5,17,4,13,0.83,1
500395,PHA204,2,84.4,22,13,16,0.77,0
500395,FMT205,2,97.9,22,3,16,0.82,2
500396,PHA204,2,98.2,30,27,9,0.87,5
500396,FMT205,2,74.2,30,9,9,0.84,0
500397,PHA204,2,91.3,13,3,9,0.89,7
500397,FMT205,2,87.9,13,5,9,0.8,1
500398,PHA204,2,87.5,10,3,6,0.83,5
500398,FMT205,2,83.2,10,7,6,0.94,3
500399,PHA204,2,82.4,30,11,12,0.86,1
500399,FMT205,2,81.7,30,25,12,0.86,1
500400,PHA204,2,81.3,32,27,5,0.9,4
500400,FMT205,2,92.1,32,23,5,0.87,2
500401,PHA204,2,88.7,16,11,7,0.78,4
500401,FMT205,2,89.1,16,8,7,0.93,4
500402,PHA204,2,84.3,28,6,6,0.88,5
500402,FMT205,2,88.2,28,24,6,0.93,2
500403,PHA204,2,86.4,21,2,4,0.76,1
500403,FMT205,2,95.4,21,17,4,0.83,4
500404,PHA204,2,77.9,25,20,7,0.87,2
500404,FMT205,2,91.3,25,8,7,0.89,2
500405,PHA204,2,84.6,29,26,11,0.86,0
500405,FMT205,2,86.4,29,7,11,0.89,2
500406,PHA204,2,90.6,19,12,13,0.82,4
500406,FMT205,2,73.7,19,4,13,0.89,3
500407,PHA204,2,88.1,23,18,12,0.67,2
500407,FMT205,2,79.1,23,6,12,0.84,0
500408,PHA204,2,94.1,22,8,9,0.79,2
500408,FMT205,2,86.2,22,17,9,0.81,1
500409,PHA204,2,85.2,28,26,12,0.89,2
500409,FMT205,2,89.2,28,2,12,0.87,2
500410,PHA204,2,86.2,30,27,9,0.83,0
500410,FMT205,2,75.3,30,23,9,0.86,0
500411,PHA204,2,77.2,27,1,12,0.88,2
500411,FMT205,2,77.7,27,23,12,0.9,0
500412,PHA204,2,85.1,25,19,7,0.74,5
500412,FMT205,2,89.2,25,16,7,0.85,2
500413,PHA204,2,79.7,29,2,6,0.75,3
500413,FMT205,2,80.5,29,27,6,0.78,2
500414,PHA204,2,95.1,22,10,8,0.81,1
500414,FMT205,2,68.5,22,16,8,0.82,1
500415,PHA204,2,78.8,29,25,12,0.83,0
500415,FMT205,2,86.0,29,6,12,0.9,1
500416,PHA204,2,93.6,26,7,15,0.87,4
500416,FMT205,2,80.1,26,22,15,0.79,3
500417,PHA204,2,81.5,32,1,12,0.78,1
500417,FMT205,2,85.3,32,26,12,0.91,1
500418,PHA204,2,89.9,27,15,2,0.92,1
500418,FMT205,2,70.3,27,22,2,0.9,1
500419,PHA204,2,92.8,14,6,10,0.8,4
500419,FMT205,2,89.1,14,3,10,0.85,0
500420,PHA204,2,93.9,31,10,8,0.71,4
500420,FMT205,2,86.0,31,25,8,0.88,1
500421,PHA204,2,86.3,11,0,8,0.89,1
500421,FMT205,2,84.7,11,8,8,0.9,1
500422,PHA204,2,94.1,25,21,9,0.83,1
500422,FMT205,2,86.5,25,7,9,0.92,2
500423,PHA204,2,90.2,15,7,9,0.9,1
500423,FMT205,2,86.2,15,9,9,0.75,4
500424,PHA204,2,79.2,23,8,11,0.83,2
500424,FMT205,2,74.4,23,18,11,0.92,2
500425,PHA204,2,73.3,33,28,11,0.81,2
500425,FMT205,2,88.3,33,21,11,0.83,2
500426,PHA204,2,85.9,28,23,8,0.84,4
500426,FMT205,2,93.0,28,11,8,0.89,5
500427,PHA204,2,79.9,23,20,7,0.83,2
500427,FMT205,2,82.6,23,21,7,0.85,2
500428,PHA204,2,84.6,28,23,14,0.83,0
500428,FMT205,2,82.3,28,4,14,0.88,5
500429,PHA204,2,92.7,30,14,9,0.89,3
500429,FMT205,2,79.6,30,27,9,0.77,2
500430,PHA204,2,88.3,20,11,5,0.87,4
500430,FMT205,2,78.5,20,15,5,0.9,1
500431,PHA204,2,86.3,29,11,11,0.92,0
500431,FMT205,2,84.8,29,26,11,0.88,2
500432,PHA204,2,77.5,22,9,15,0.78,1
500432,FMT205,2,78.7,22,17,15,0.86,2
500433,PHA204,2,90.9,26,24,12,0.82,6
500433,FMT205,2,92.1,26,12,12,0.86,2
500434,PHA204,2,89.4,29,23,15,0.8,1
500434,FMT205,2,82.6,29,22,15,0.75,2
500435,PHA204,2,85.6,28,18,7,0.78,2
500435,FMT205,2,86.8,28,26,7,0.9,1
500436,PHA204,2,80.4,30,25,9,0.92,2
500436,FMT205,2,75.6,30,10,9,0.83,1
500437,PHA204,2,85.5,24,9,16,0.83,5
500437,FMT205,2,100.0,24,22,16,0.79,1
500438,PHA204,2,70.9,24,21,8,0.87,4
500438,FMT205,2,75.5,24,17,8,0.77,2
500439,PHA204,2,79.6,15,11,4,0.84,2
500439,FMT205,2,87.6,15,1,4,0.88,3
500440,PHA204,2,93.5,22,7,13,0.89,7
500440,FMT205,2,97.3,22,17,13,0.92,2
500441,PHA204,2,87.8,30,1,7,0.91,2
500441,FMT205,2,81.0,30,26,7,0.86,3
500442,PHA204,2,89.7,19,0,15,0.89,4
500442,FMT205,2,81.5,19,13,15,0.83,1
500443,PHA204,2,91.2,27,2,13,0.78,2
500443,FMT205,2,75.8,27,23,13,0.76,2
500444,PHA204,2,90.3,30,24,6,0.87,2
500444,FMT205,2,93.0,30,6,6,0.84,0
500445,PHA204,2,82.8,18,16,4,0.85,1
500445,FMT205,2,90.4,18,16,4,0.82,1
500446,PHA204,2,76.2,29,24,10,0.86,4
500446,FMT205,2,91.5,29,7,10,0.93,1
500447,PHA204,2,77.4,14,1,6,0.79,4
500447,FMT205,2,83.6,14,8,6,0.86,2
500448,PHA204,2,83.4,33,27,10,0.76,3
500448,FMT205,2,78.7,33,5,10,0.84,3
500449,PHA204,2,78.2,19,11,13,0.74,5
500449,FMT205,2,95.4,19,1,13,0.9,3
500450,PHA204,2,84.1,11,7,7,0.82,1
500450,FMT205,2,84.7,11,4,7,0.81,2
500451,PHA204,2,76.7,27,23,11,0.86,3
500451,FMT205,2,86.2,27,7,11,0.82,1
500452,PHA204,2,97.1,27,23,12,0.76,4
500452,FMT205,2,85.4,27,25,12,0.85,4
500453,PHA204,2,86.6,12,4,7,0.93,4
500453,FMT205,2,92.0,12,8,7,0.88,2
500454,PHA204,2,87.3,16,4,10,0.86,3
500454,FMT205,2,96.8,16,11,10,0.91,2
500455,PHA204,2,78.4,22,11,8,0.84,1
500455,FMT205,2,96.7,22,19,8,0.9,2
500456,PHA204,2,91.7,12,9,10,0.87,3
500456,FMT205,2,80.2,12,2,10,0.95,2
500457,PHA204,2,96.7,28,22,11,0.78,7
500457,FMT205,2,85.4,28,9,11,0.83,2
500458,PHA204,2,77.0,31,25,8,0.86,6
500458,FMT205,2,100.0,31,18,8,0.89,0
500459,PHA204,2,78.6,26,13,11,0.84,1
500459,FMT205,2,91.1,26,21,11,0.85,2
500460,PHA204,2,80.9,29,14,9,0.87,1
500460,FMT205,2,91.7,29,25,9,0.86,2
500461,PHA204,2,78.5,33,10,11,0.88,2
500461,FMT205,2,83.9,33,28,11,0.81,2
500462,PHA204,2,72.1,24,22,9,0.8,3
500462,FMT205,2,90.5,24,4,9,0.91,1
500463,PHA204,2,76.8,19,14,8,0.86,4
500463,FMT205,2,92.9,19,7,8,0.87,3
500464,PHA204,2,90.4,30,3,3,0.88,6
500464,FMT205,2,84.3,30,24,3,0.89,0
500465,PHA204,2,70.6,24,19,5,0.75,1
500465,FMT205,2,92.6,24,1,5,0.83,0
500466,PHA204,2,83.6,29,23,3,0.87,3
500466,FMT205,2,77.1,29,9,3,0.82,5
500467,PHA204,2,80.1,27,23,17,0.85,2
500467,FMT205,2,81.9,27,0,17,0.82,3
500468,PHA204,2,72.8,29,24,10,0.8,4
500468,FMT205,2,93.8,29,2,10,0.86,5
500469,PHA204,2,82.5,11,4,7,0.86,8
500469,FMT205,2,75.9,11,9,7,0.85,3
500470,PHA204,2,85.6,23,1,7,0.93,1
500470,FMT205,2,82.2,23,17,7,0.9,3
500471,PHA204,2,73.9,29,25,11,0.86,1
500471,FMT205,2,93.8,29,6,11,0.85,4
500472,PHA204,2,89.7,17,9,8,0.87,6
500472,FMT205,2,93.8,17,11,8,0.86,3
500473,PHA204,2,79.1,17,5,9,0.89,2
500473,FMT205,2,94.0,17,14,9,0.87,1
500474,PHA204,2,73.4,21,18,13,0.92,3
500474,FMT205,2,87.0,21,5,13,0.88,4
500475,PHA204,2,94.0,28,22,7,0.89,1
500475,FMT205,2,88.7,28,3,7,0.91,7
500476,PHA204,2,86.9,25,23,8,0.83,0
500476,FMT205,2,78.9,25,8,8,0.87,2
500477,PHA204,2,84.6,29,12,8,0.78,2
500477,FMT205,2,86.3,29,23,8,0.92,5
500478,PHA204,2,93.7,26,22,13,0.91,3
500478,FMT205,2,88.4,26,9,13,0.91,1
500479,PHA204,2,100.0,20,3,12,0.92,3
500479,FMT205,2,78.7,20,14,12,0.7,0
500480,PHA204,2,67.3,27,4,9,0.93,4
500480,FMT205,2,91.8,27,21,9,0.93,2
500481,PHA204,2,89.2,14,10,12,0.81,7
500481,FMT205,2,86.1,14,2,12,0.93,4
500482,PHA204,2,70.2,14,2,7,0.84,2
500482,FMT205,2,81.2,14,9,7,0.9,3
500483,PHA204,2,78.4,27,6,10,0.85,1
500483,FMT205,2,100.0,27,25,10,0.77,2
500484,PHA204,2,94.3,26,20,10,0.85,5
500484,FMT205,2,86.3,26,14,10,0.71,2
500485,PHA204,2,74.1,30,25,11,0.86,1
500485,FMT205,2,87.6,30,18,11,0.77,4
500486,PHA204,2,90.2,7,4,1,0.9,3
500486,FMT205,2,89.7,7,0,1,0.91,0
500487,PHA204,2,90.6,26,21,9,0.87,2
500487,FMT205,2,81.0,26,18,9,0.76,4
500488,PHA204,2,84.6,31,27,6,0.8,1
500488,FMT205,2,89.1,31,6,6,0.83,2
500489,PHA204,2,93.6,14,0,9,0.76,2
500489,FMT205,2,91.6,14,4,9,0.8,3
500490,PHA204,2,92.2,26,23,9,0.81,6
500490,FMT205,2,90.2,26,23,9,0.87,1
500491,PHA204,2,94.4,30,1,13,0.93,2
500491,FMT205,2,87.4,30,26,13,0.81,3
500492,PHA204,2,91.4,29,5,11,0.78,2
500492,FMT205,2,80.6,29,27,11,0.88,1
500493,PHA204,2,83.0,28,19,11,0.77,4
500493,FMT205,2,73.0,28,25,11,0.74,0
500494,PHA204,2,72.2,23,15,10,0.77,2
500494,FMT205,2,87.6,23,17,10,0.93,3
500495,PHA204,2,96.2,21,15,14,0.88,8
500495,FMT205,2,74.5,21,10,14,0.8,4
500496,PHA204,2,83.0,25,0,7,0.89,2
500496,FMT205,2,100.0,25,23,7,0.91,0
500497,PHA204,2,83.4,28,26,10,0.9,2
500497,FMT205,2,78.1,28,25,10,0.72,1
500498,PHA204,2,81.7,14,3,6,0.81,2
500498,FMT205,2,63.4,14,12,6,0.93,2
500499,PHA204,2,90.8,20,12,14,0.83,5
500499,FMT205,2,76.4,20,17,14,0.77,2
500500,PHA204,2,84.3,26,1,6,0.86,0
500500,FMT205,2,90.7,26,21,6,0.8,2
500501,COM306,3,80.0,19,12,13,0.88,2
500501,PAT307,3,83.0,19,16,13,0.79,4
500501,MIC308,3,76.3,19,1,13,0.81,1
500502,COM306,3,82.1,20,11,2,0.8,1
500502,PAT307,3,85.5,20,16,2,0.92,4
500502,MIC308,3,71.8,20,15,2,0.87,3
500503,COM306,3,85.9,16,3,12,0.87,3
500503,PAT307,3,83.6,16,8,12,0.86,4
500503,MIC308,3,88.4,16,5,12,0.77,3
500504,COM306,3,80.5,24,2,4,0.86,3
500504,PAT307,3,88.2,24,21,4,0.71,8
500504,MIC308,3,71.0,24,16,4,0.92,2
500505,COM306,3,80.1,26,7,10,0.89,1
500505,PAT307,3,85.8,26,22,10,0.81,3
500505,MIC308,3,72.7,26,8,10,0.9,1
500506,COM306,3,68.3,14,2,11,0.79,4
500506,PAT307,3,73.0,14,11,11,0.86,1
500506,MIC308,3,76.4,14,7,11,0.89,2
500507,COM306,3,82.0,28,22,9,0.85,2
500507,PAT307,3,75.6,28,11,9,0.86,1
500507,MIC308,3,79.4,28,23,9,0.78,2
500508,COM306,3,83.3,13,7,6,0.84,6
500508,PAT307,3,80.2,13,7,6,0.8,2
500508,MIC308,3,76.6,13,3,6,0.82,0
500509,COM306,3,87.9,28,9,3,0.8,5
500509,PAT307,3,84.8,28,22,3,0.82,2
500509,MIC308,3,74.4,28,18,3,0.79,3
500510,COM306,3,83.0,27,12,7,0.89,0
500510,PAT307,3,86.0,27,23,7,0.81,5
500510,MIC308,3,78.7,27,8,7,0.91,5
500511,COM306,3,82.0,16,5,7,0.87,4
500511,PAT307,3,81.4,16,11,7,0.79,1
500511,MIC308,3,81.1,16,10,7,0.82,7
500512,COM306,3,89.7,21,18,12,0.87,2
500512,PAT307,3,74.9,21,8,12,0.81,1
500512,MIC308,3,86.7,21,6,12,0.85,3
500513,COM306,3,84.9,22,1,7,0.87,0
500513,PAT307,3,87.3,22,19,7,0.83,1
500513,MIC308,3,75.6,22,8,7,0.74,4
500514,COM306,3,93.3,30,24,8,0.87,5
500514,PAT307,3,81.4,30,11,8,0.77,5
500514,MIC308,3,100.0,30,13,8,0.82,5
500515,COM306,3,71.6,22,19,6,0.76,3
500515,PAT307,3,80.5,22,11,6,0.79,5
500515,MIC308,3,80.9,22,7,6,0.84,3
500516,COM306,3,82.3,24,3,7,0.86,1
500516,PAT307,3,88.4,24,13,7,0.79,2
500516,MIC308,3,78.6,24,19,7,0.82,3
500517,COM306,3,94.2,30,4,10,0.8,2
500517,PAT307,3,77.8,30,25,10,0.82,3
500517,MIC308,3,74.8,30,23,10,0.69,3
500518,COM306,3,69.5,26,3,12,0.85,1
500518,PAT307,3,76.9,26,22,12,0.82,2
500518,MIC308,3,72.3,26,21,12,0.86,4
500519,COM306,3,81.6,28,6,8,0.78,3
500519,PAT307,3,77.8,28,24,8,0.9,0
500519,MIC308,3,91.3,28,17,8,0.86,3
500520,COM306,3,78.9,25,13,6,0.87,3
500520,PAT307,3,76.1,25,8,6,0.88,2
500520,MIC308,3,88.5,25,21,6,0.92,2
500521,COM306,3,95.3,26,21,5,0.82,3
500521,PAT307,3,85.9,26,22,5,0.8,3
500521,MIC308,3,75.6,26,13,5,0.87,2
500522,COM306,3,82.6,18,16,6,0.82,2
500522,PAT307,3,84.3,18,12,6,0.73,5
500522,MIC308,3,90.2,18,10,6,0.82,1
500523,COM306,3,92.9,28,22,11,0.87,2
500523,PAT307,3,76.7,28,17,11,0.87,4
500523,MIC308,3,65.7,28,11,11,0.76,3
500524,COM306,3,96.1,28,17,12,0.9,1
500524,PAT307,3,79.1,28,23,12,0.84,4
500524,MIC308,3,80.2,28,21,12,0.9,5
500525,COM306,3,87.8,13,7,4,0.88,1
500525,PAT307,3,87.3,13,2,4,0.88,4
500525,MIC308,3,85.9,13,10,4,0.77,0
500526,COM306,3,81.4,20,6,7,0.86,1
500526,PAT307,3,76.9,20,6,7,0.84,4
500526,MIC308,3,79.3,20,16,7,0.85,2
500527,COM306,3,76.3,27,6,5,0.88,0
500527,PAT307,3,69.6,27,21,5,0.83,3
500527,MIC308,3,85.8,27,1,5,0.79,3
500528,COM306,3,84.1,25,11,7,0.84,0
500528,PAT307,3,88.9,25,18,7,0.89,6
500528,MIC308,3,75.7,25,23,7,0.84,1
500529,COM306,3,84.4,26,9,8,0.72,3
500529,PAT307,3,95.7,26,3,8,0.83,3
500529,MIC308,3,88.2,26,21,8,0.82,0
500530,COM306,3,94.7,19,17,13,0.85,3
500530,PAT307,3,79.6,19,1,13,0.88,7
500530,MIC308,3,93.4,19,6,13,0.79,5
500531,COM306,3,83.6,27,19,12,0.79,2
500531,PAT307,3,84.0,27,25,12,0.88,2
500531,MIC308,3,78.9,27,13,12,0.83,5
500532,COM306,3,85.1,22,0,7,0.91,4
500532,PAT307,3,79.6,22,20,7,0.93,4
500532,MIC308,3,72.9,22,13,7,0.78,4
500533,COM306,3,79.2,20,18,9,0.79,1
500533,PAT307,3,80.8,20,1,9,0.88,4
500533,MIC308,3,83.8,20,6,9,0.84,4
500534,COM306,3,76.0,30,21,5,0.78,4
500534,PAT307,3,59.9,30,25,5,0.86,1
500534,MIC308,3,73.2,30,17,5,0.81,1
500535,COM306,3,82.4,18,6,11,0.85,3
500535,PAT307,3,78.4,18,13,11,0.79,2
500535,MIC308,3,88.5,18,11,11,0.93,2
500536,COM306,3,93.2,24,12,10,0.7,0
500536,PAT307,3,73.7,24,21,10,0.79,4
500536,MIC308,3,68.9,24,9,10,0.88,3
500537,COM306,3,85.3,17,15,9,0.88,2
500537,PAT307,3,82.2,17,9,9,0.88,3
500537,MIC308,3,81.1,17,6,9,0.87,1
500538,COM306,3,73.4,20,16,9,0.78,3
500538,PAT307,3,85.3,20,12,9,0.91,3
500538,MIC308,3,78.0,20,6,9,0.77,5
500539,COM306,3,79.1,25,23,10,0.86,3
500539,PAT307,3,79.0,25,0,10,0.86,2
500539,MIC308,3,91.3,25,21,10,0.71,4
500540,COM306,3,73.8,30,21,9,0.8,3
500540,PAT307,3,86.1,30,15,9,0.79,4
500540,MIC308,3,83.3,30,25,9,0.87,8
500541,COM306,3,75.7,26,17,10,0.89,1
500541,PAT307,3,83.5,26,1,10,0.82,4
500541,MIC308,3,71.5,26,20,10,0.78,1
500542,COM306,3,76.8,26,23,12,0.91,2
500542,PAT307,3,75.8,26,17,12,0.82,3
500542,MIC308,3,91.4,26,9,12,0.92,4
500543,COM306,3,95.4,28,12,10,0.78,3
500543,PAT307,3,74.1,28,14,10,0.85,3
500543,MIC308,3,80.8,28,25,10,0.89,3
500544,COM306,3,64.4,16,10,9,0.85,2
500544,PAT307,3,91.3,16,3,9,0.82,2
500544,MIC308,3,87.4,16,5,9,0.9,1
500545,COM306,3,95.1,31,25,8,0.86,2
500545,PAT307,3,73.0,31,15,8,0.89,6
500545,MIC308,3,84.1,31,11,8,0.88,2
500546,COM306,3,92.5,25,4,11,0.85,2
500546,PAT307,3,85.9,25,1,11,0.9,2
500546,MIC308,3,76.7,25,19,11,0.8,4
500547,COM306,3,77.9,21,3,7,0.81,3
500547,PAT307,3,88.1,21,6,7,0.92,0
500547,MIC308,3,80.6,21,17,7,0.87,3
500548,COM306,3,80.3,25,4,9,0.86,2
500548,PAT307,3,70.0,25,23,9,0.79,4
500548,MIC308,3,86.7,25,5,9,0.89,5
500549,COM306,3,80.9,31,25,10,0.91,1
500549,PAT307,3,83.6,31,6,10,0.87,2
500549,MIC308,3,86.2,31,13,10,0.82,5
500550,COM306,3,77.2,25,21,11,0.81,0
500550,PAT307,3,76.7,25,2,11,0.81,8
500550,MIC308,3,81.1,25,15,11,0.85,2
500551,COM306,3,77.7,25,2,16,0.83,2
500551,PAT307,3,71.2,25,20,16,0.67,3
500551,MIC308,3,76.6,25,6,16,0.85,5
500552,COM306,3,71.0,17,11,7,0.9,4
500552,PAT307,3,82.2,17,10,7,0.89,0
500552,MIC308,3,88.8,17,10,7,0.83,2
500553,COM306,3,85.7,26,23,4,0.88,1
500553,PAT307,3,91.7,26,13,4,0.81,4
500553,MIC308,3,77.7,26,3,4,0.9,3
500554,COM306,3,86.6,27,21,9,0.92,2
500554,PAT307,3,67.0,27,19,9,0.81,4
500554,MIC308,3,67.9,27,17,9,0.84,3
500555,COM306,3,87.1,28,9,11,0.86,4
500555,PAT307,3,98.4,28,22,11,0.8,3
500555,MIC308,3,93.8,28,9,11,0.88,1
500556,COM306,3,83.4,16,10,13,0.78,3
500556,PAT307,3,84.4,16,9,13,0.83,3
500556,MIC308,3,70.8,16,12,13,0.85,6
500557,COM306,3,83.7,17,3,12,0.88,1
500557,PAT307,3,80.7,17,14,12,0.86,5
500557,MIC308,3,73.5,17,1,12,0.88,2
500558,COM306,3,95.5,26,20,7,0.89,6
500558,PAT307,3,84.8,26,19,7,0.73,2
500558,MIC308,3,80.1,26,17,7,0.86,1
500559,COM306,3,86.6,22,19,11,0.78,5
500559,PAT307,3,78.3,22,7,11,0.92,1
500559,MIC308,3,93.7,22,15,11,0.83,2
500560,COM306,3,87.3,29,25,8,0.93,3
500560,PAT307,3,87.0,29,21,8,0.88,0
500560,MIC308,3,86.8,29,13,8,0.78,4
500561,COM306,3,79.3,17,10,11,0.9,5
500561,PAT307,3,78.0,17,1,11,0.88,0
500561,MIC308,3,85.7,17,12,11,0.85,7
500562,COM306,3,84.9,29,3,10,0.81,2
500562,PAT307,3,82.0,29,6,10,0.67,4
500562,MIC308,3,76.5,29,24,10,0.91,1
500563,COM306,3,84.0,14,10,3,0.84,2
500563,PAT307,3,76.5,14,12,3,0.85,1
500563,MIC308,3,82.8,14,11,3,0.74,1
500564,COM306,3,81.1,19,7,5,0.89,1
500564,PAT307,3,76.6,19,16,5,0.88,3
500564,MIC308,3,86.8,19,16,5,0.76,2
500565,COM306,3,76.8,13,3,8,0.8,2
500565,PAT307,3,86.4,13,11,8,0.8,4
500565,MIC308,3,91.4,13,9,8,0.92,4
500566,COM306,3,75.8,18,16,10,0.89,3
500566,PAT307,3,76.6,18,6,10,0.85,2
500566,MIC308,3,80.6,18,16,10,0.92,3
500567,COM306,3,88.6,23,18,7,0.77,3
500567,PAT307,3,86.9,23,4,7,0.86,4
500567,MIC308,3,78.9,23,19,7,0.83,5
500568,COM306,3,79.8,27,23,8,0.87,6
500568,PAT307,3,88.1,27,14,8,0.79,2
500568,MIC308,3,90.7,27,15,8,0.8,3
500569,COM306,3,83.0,17,13,10,0.91,4
500569,PAT307,3,88.2,17,14,10,0.86,2
500569,MIC308,3,69.3,17,11,10,0.84,3
500570,COM306,3,87.3,24,20,10,0.81,2
500570,PAT307,3,81.0,24,21,10,0.86,4
500570,MIC308,3,98.5,24,4,10,0.89,1
500571,COM306,3,80.2,18,15,13,0.9,1
500571,PAT307,3,76.6,18,14,13,0.87,4
500571,MIC308,3,74.5,18,6,13,0.89,4
500572,COM306,3,86.9,23,12,7,0.8,3
500572,PAT307,3,79.3,23,11,7,0.88,6
500572,MIC308,3,81.9,23,18,7,0.71,4
500573,COM306,3,76.1,17,15,8,0.92,1
500573,PAT307,3,74.5,17,12,8,0.89,5
500573,MIC308,3,74.1,17,10,8,0.9,3
500574,COM306,3,87.2,19,6,7,0.91,1
500574,PAT307,3,76.5,19,13,7,0.79,2
500574,MIC308,3,98.6,19,1,7,0.8,1
500575,COM306,3,87.9,23,18,10,0.93,5
500575,PAT307,3,72.5,23,19,10,0.89,6
500575,MIC308,3,96.7,23,4,10,0.77,1
500576,COM306,3,88.1,30,17,6,0.88,3
500576,PAT307,3,86.1,30,1,6,0.81,4
500576,MIC308,3,87.8,30,25,6,0.83,2
500577,COM306,3,80.4,25,16,4,0.89,3
500577,PAT307,3,76.6,25,22,4,0.71,3
500577,MIC308,3,72.9,25,14,4,0.88,1
500578,COM306,3,77.2,23,17,8,0.86,1
500578,PAT307,3,81.8,23,1,8,0.91,3
500578,MIC308,3,82.1,23,16,8,0.86,2
500579,COM306,3,80.3,31,1,6,0.79,1
500579,PAT307,3,80.8,31,25,6,0.85,3
500579,MIC308,3,84.3,31,18,6,0.78,1
500580,COM306,3,90.1,26,23,10,0.73,5
500580,PAT307,3,86.2,26,8,10,0.74,3
500580,MIC308,3,73.2,26,10,10,0.78,2
500581,COM306,3,68.9,18,9,12,0.87,4
500581,PAT307,3,73.5,18,7,12,0.81,4
500581,MIC308,3,78.9,18,0,12,0.83,1
500582,COM306,3,69.0,27,23,3,0.88,3
500582,PAT307,3,84.1,27,19,3,0.8,5
500582,MIC308,3,78.6,27,3,3,0.79,2
500583,COM306,3,81.2,29,19,10,0.88,2
500583,PAT307,3,73.1,29,24,10,0.83,3
500583,MIC308,3,65.5,29,12,10,0.82,3
500584,COM306,3,92.3,26,24,10,0.88,5
500584,PAT307,3,69.6,26,21,10,0.81,0
500584,MIC308,3,71.0,26,16,10,0.86,4
500585,COM306,3,89.7,26,18,13,0.88,1
500585,PAT307,3,64.1,26,18,13,0.93,1
500585,MIC308,3,79.3,26,23,13,0.84,3
500586,COM306,3,94.9,22,19,12,0.86,8
500586,PAT307,3,75.8,22,7,12,0.82,4
500586,MIC308,3,72.5,22,0,12,0.87,4
500587,COM306,3,82.0,19,5,4,0.73,6
500587,PAT307,3,80.3,19,13,4,0.81,3
500587,MIC308,3,74.6,19,14,4,0.82,1
500588,COM306,3,79.6,25,19,13,0.82,4
500588,PAT307,3,95.2,25,15,13,0.85,5
500588,MIC308,3,82.3,25,3,13,0.83,3
500589,COM306,3,79.7,19,12,14,0.8,0
500589,PAT307,3,73.7,19,12,14,0.86,6
500589,MIC308,3,76.8,19,3,14,0.84,3
500590,COM306,3,90.8,21,12,7,0.78,2
500590,PAT307,3,80.4,21,17,7,0.79,5
500590,MIC308,3,73.9,21,11,7,0.68,3
500591,COM306,3,67.4,28,23,15,0.78,2
500591,PAT307,3,77.5,28,10,15,0.88,6
500591,MIC308,3,80.9,28,23,15,0.85,4
500592,COM306,3,80.8,17,3,6,0.82,4
500592,PAT307,3,88.9,17,7,6,0.86,1
500592,MIC308,3,100.0,17,12,6,0.78,2
500593,COM306,3,79.8,24,18,9,0.87,2
500593,PAT307,3,80.0,24,7,9,0.88,2
500593,MIC308,3,67.9,24,6,9,0.77,3
500594,COM306,3,68.0,23,13,6,0.91,4
500594,PAT307,3,73.9,23,19,6,0.76,4
500594,MIC308,3,79.6,23,2,6,0.77,3
500595,COM306,3,93.9,22,4,14,0.89,1
500595,PAT307,3,97.4,22,16,14,0.79,1
500595,MIC308,3,81.1,22,18,14,0.9,2
500596,COM306,3,88.4,20,12,13,0.8,0
500596,PAT307,3,83.0,20,14,13,0.85,3
500596,MIC308,3,84.2,20,11,13,0.92,2
500597,COM306,3,86.2,26,23,12,0.81,4
500597,PAT307,3,79.2,26,0,12,0.92,1
500597,MIC308,3,88.3,26,22,12,0.85,8
500598,COM306,3,86.8,27,25,9,0.74,3
500598,PAT307,3,79.6,27,4,9,0.91,3
500598,MIC308,3,84.1,27,1,9,0.79,5
500599,COM306,3,87.7,31,5,9,0.89,2
500599,PAT307,3,86.9,31,20,9,0.87,5
500599,MIC308,3,89.3,31,25,9,0.85,2
500600,COM306,3,82.3,27,21,12,0.76,4
500600,PAT307,3,79.3,27,21,12,0.91,4
500600,MIC308,3,84.7,27,24,12,0.85,2
500601,COM306,3,82.4,15,1,9,0.83,2
500601,PAT307,3,83.9,15,7,9,0.8,4
500601,MIC308,3,89.2,15,11,9,0.89,1
500602,COM306,3,96.3,19,6,11,0.74,0
500602,PAT307,3,88.8,19,16,11,0.82,1
500602,MIC308,3,93.8,19,5,11,0.91,4
500603,COM306,3,82.3,26,20,12,0.85,3
500603,PAT307,3,81.6,26,8,12,0.87,2
500603,MIC308,3,90.2,26,22,12,0.88,7
500604,COM306,3,82.6,25,13,9,0.76,1
500604,PAT307,3,75.2,25,22,9,0.79,3
500604,MIC308,3,64.7,25,3,9,0.88,2
500605,COM306,3,86.8,16,4,11,0.91,3
500605,PAT307,3,76.7,16,13,11,0.8,4
500605,MIC308,3,90.5,16,7,11,0.84,1
500606,COM306,3,69.3,21,4,9,0.84,1
500606,PAT307,3,75.1,21,19,9,0.75,4
500606,MIC308,3,89.5,21,8,9,0.88,1
500607,COM306,3,86.8,21,18,6,0.8,4
500607,PAT307,3,83.2,21,13,6,0.69,3
500607,MIC308,3,79.4,21,3,6,0.85,3
500608,COM306,3,77.4,24,13,15,0.92,1
500608,PAT307,3,99.4,24,22,15,0.88,2
500608,MIC308,3,83.5,24,14,15,0.91,3
500609,COM306,3,83.6,28,0,9,0.81,2
500609,PAT307,3,82.0,28,25,9,0.91,2
500609,MIC308,3,84.1,28,16,9,0.88,2
500610,COM306,3,77.8,16,9,9,0.79,5
500610,PAT307,3,89.0,16,14,9,0.73,5
500610,MIC308,3,74.3,16,8,9,0.78,3
500611,COM306,3,81.6,27,25,8,0.89,6
500611,PAT307,3,90.0,27,21,8,0.87,4
500611,MIC308,3,73.8,27,22,8,0.87,2
500612,COM306,3,78.2,25,13,7,0.85,2
500612,PAT307,3,87.2,25,23,7,0.83,3
500612,MIC308,3,100.0,25,19,7,0.87,4
500613,COM306,3,79.3,25,23,7,0.87,1
500613,PAT307,3,82.2,25,18,7,0.83,2
500613,MIC308,3,77.0,25,3,7,0.87,5
500614,COM306,3,90.3,24,2,13,0.69,1
500614,PAT307,3,71.5,24,10,13,0.83,2
500614,MIC308,3,87.1,24,20,13,0.89,2
500615,COM306,3,77.8,30,25,12,0.76,1
500615,PAT307,3,69.1,30,14,12,0.73,2
500615,MIC308,3,85.7,30,23,12,0.9,2
500616,COM306,3,63.0,27,12,10,0.85,2
500616,PAT307,3,83.6,27,22,10,0.84,5
500616,MIC308,3,81.2,27,5,10,0.74,0
500617,COM306,3,87.6,17,6,13,0.72,1
500617,PAT307,3,72.6,17,11,13,0.86,2
500617,MIC308,3,82.9,17,13,13,0.87,4
500618,COM306,3,85.1,21,5,10,0.79,0
500618,PAT307,3,89.3,21,1,10,0.77,3
500618,MIC308,3,83.4,21,18,10,0.78,6
500619,COM306,3,66.5,31,4,9,0.88,2
500619,PAT307,3,82.2,31,24,9,0.93,1
500619,MIC308,3,94.8,31,25,9,0.76,5
500620,COM306,3,74.3,25,23,11,0.91,2
500620,PAT307,3,68.2,25,19,11,0.79,3
500620,MIC308,3,73.9,25,8,11,0.68,2
500621,COM306,3,67.8,25,20,11,0.9,3
500621,PAT307,3,78.6,25,20,11,0.83,2
500621,MIC308,3,88.7,25,12,11,0.76,1
500622,COM306,3,73.9,29,3,7,0.9,5
500622,PAT307,3,71.9,29,20,7,0.84,3
500622,MIC308,3,73.0,29,23,7,0.79,4
500623,COM306,3,80.0,19,7,7,0.82,1
500623,PAT307,3,86.8,19,16,7,0.93,2
500623,MIC308,3,87.3,19,6,7,0.85,1
500624,COM306,3,81.8,28,15,11,0.87,4
500624,PAT307,3,72.8,28,16,11,0.82,3
500624,MIC308,3,80.9,28,25,11,0.88,5
500625,COM306,3,75.4,27,0,15,0.88,2
500625,PAT307,3,84.8,27,24,15,0.9,6
500625,MIC308,3,87.8,27,22,15,0.82,0
500626,COM306,3,77.9,25,0,10,0.85,1
500626,PAT307,3,69.0,25,6,10,0.92,3
500626,MIC308,3,86.2,25,23,10,0.82,0
500627,COM306,3,79.9,21,17,6,0.74,5
500627,PAT307,3,74.1,21,3,6,0.82,4
500627,MIC308,3,80.3,21,14,6,0.83,3
500628,COM306,3,83.2,20,18,12,0.84,1
500628,PAT307,3,78.8,20,16,12,0.92,5
500628,MIC308,3,100.0,20,4,12,0.87,5
500629,COM306,3,89.1,27,22,9,0.85,1
500629,PAT307,3,78.4,27,13,9,0.83,4
500629,MIC308,3,85.6,27,7,9,0.87,2
500630,COM306,3,86.7,20,8,9,0.78,3
500630,PAT307,3,81.4,20,8,9,0.86,3
500630,MIC308,3,69.9,20,15,9,0.85,1
500631,COM306,3,75.0,13,6,4,0.76,3
500631,PAT307,3,85.5,13,7,4,0.93,2
500631,MIC308,3,88.4,13,10,4,0.86,5
500632,COM306,3,89.4,19,10,15,0.8,2
500632,PAT307,3,82.2,19,7,15,0.9,4
500632,MIC308,3,80.5,19,5,15,0.91,4
500633,COM306,3,95.9,24,22,11,0.9,5
500633,PAT307,3,77.7,24,4,11,0.89,0
500633,MIC308,3,70.8,24,21,11,0.77,2
500634,COM306,3,81.0,21,1,5,0.78,2
500634,PAT307,3,82.8,21,15,5,0.78,6
500634,MIC308,3,80.3,21,16,5,0.82,6
500635,COM306,3,75.2,29,25,3,0.81,1
500635,PAT307,3,81.8,29,14,3,0.81,2
500635,MIC308,3,78.0,29,11,3,0.79,2
500636,COM306,3,95.7,31,6,13,0.79,1
500636,PAT307,3,78.9,31,25,13,0.81,1
500636,MIC308,3,82.4,31,0,13,0.92,4
500637,COM306,3,68.9,12,8,7,0.87,2
500637,PAT307,3,81.8,12,8,7,0.78,5
500637,MIC308,3,77.6,12,9,7,0.81,5
500638,COM306,3,76.1,18,15,6,0.85,6
500638,PAT307,3,88.8,18,5,6,0.87,1
500638,MIC308,3,87.2,18,3,6,0.73,3
500639,COM306,3,77.9,9,1,4,0.92,3
500639,PAT307,3,93.8,9,6,4,0.86,4
500639,MIC308,3,91.7,9,2,4,0.85,5
500640,COM306,3,96.3,27,12,6,0.86,3
500640,PAT307,3,76.3,27,4,6,0.8,4
500640,MIC308,3,71.8,27,22,6,0.8,3
500641,COM306,3,82.1,22,12,10,0.79,2
500641,PAT307,3,80.9,22,16,10,0.86,2
500641,MIC308,3,83.7,22,0,10,0.81,4
500642,COM306,3,76.5,29,11,11,0.67,2
500642,PAT307,3,74.9,29,23,11,0.89,1
500642,MIC308,3,89.0,29,14,11,0.88,3
500643,COM306,3,91.1,13,6,11,0.9,4
500643,PAT307,3,86.0,13,0,11,0.75,4
500643,MIC308,3,77.4,13,9,11,0.79,2
500644,COM306,3,72.5,21,7,10,0.9,0
500644,PAT307,3,88.2,21,7,10,0.92,3
500644,MIC308,3,90.2,21,19,10,0.8,1
500645,COM306,3,68.7,15,13,8,0.87,3
500645,PAT307,3,85.3,15,10,8,0.91,4
500645,MIC308,3,67.7,15,6,8,0.76,2
500646,COM306,3,96.1,28,11,10,0.82,4
500646,PAT307,3,82.3,28,1,10,0.78,3
500646,MIC308,3,87.0,28,24,10,0.72,0
500647,COM306,3,83.0,22,14,8,0.86,3
500647,PAT307,3,80.0,22,0,8,0.87,0
500647,MIC308,3,76.2,22,19,8,0.88,1
500648,COM306,3,84.7,20,6,14,0.82,3
500648,PAT307,3,84.6,20,2,14,0.88,4
500648,MIC308,3,71.1,20,8,14,0.72,1
500649,COM306,3,85.7,10,6,7,0.86,5
500649,PAT307,3,85.4,10,5,7,0.83,4
500649,MIC308,3,67.4,10,1,7,0.84,4
500650,COM306,3,100.0,15,12,11,0.85,4
500650,PAT307,3,79.4,15,2,11,0.84,3
500650,MIC308,3,77.1,15,4,11,0.83,3
500651,COM306,3,77.8,22,18,5,0.86,2
500651,PAT307,3,77.8,22,13,5,0.9,2
500651,MIC308,3,83.5,22,8,5,0.76,2
500652,COM306,3,93.3,29,23,12,0.88,4
500652,PAT307,3,85.2,29,21,12,0.76,3
500652,MIC308,3,70.5,29,10,12,0.83,2
500653,COM306,3,75.3,25,23,9,0.87,5
500653,PAT307,3,90.6,25,7,9,0.89,4
500653,MIC308,3,92.3,25,14,9,0.84,1
500654,COM306,3,79.8,13,2,10,0.8,2
500654,PAT307,3,76.5,13,8,10,0.88,2
500654,MIC308,3,78.9,13,9,10,0.91,5
500655,COM306,3,66.0,17,1,11,0.82,4
500655,PAT307,3,92.2,17,12,11,0.83,2
500655,MIC308,3,90.0,17,10,11,0.83,5
500656,COM306,3,74.9,23,3,10,0.85,2
500656,PAT307,3,94.0,23,19,10,0.84,3
500656,MIC308,3,84.6,23,16,10,0.88,2
500657,COM306,3,78.4,16,12,10,0.9,2
500657,PAT307,3,78.6,16,10,10,0.88,1
500657,MIC308,3,78.5,16,2,10,0.83,0
500658,COM306,3,73.9,23,21,11,0.89,5
500658,PAT307,3,85.3,23,19,11,0.85,1
500658,MIC308,3,79.9,23,6,11,0.83,2
500659,COM306,3,71.1,25,2,7,0.88,4
500659,PAT307,3,66.0,25,6,7,0.9,1
500659,MIC308,3,76.9,25,22,7,0.8,3
500660,COM306,3,86.4,27,8,10,0.85,6
500660,PAT307,3,71.4,27,22,10,0.73,4
500660,MIC308,3,83.4,27,9,10,0.75,6
500661,COM306,3,84.1,23,18,10,0.81,1
500661,PAT307,3,80.5,23,0,10,0.79,2
500661,MIC308,3,95.9,23,19,10,0.74,5
500662,COM306,3,80.3,25,17,5,0.8,2
500662,PAT307,3,77.8,25,21,5,0.81,1
500662,MIC308,3,82.2,25,9,5,0.72,3
500663,COM306,3,92.1,27,21,14,0.85,3
500663,PAT307,3,74.3,27,25,14,0.9,3
500663,MIC308,3,92.5,27,23,14,0.89,2
500664,COM306,3,91.5,29,4,9,0.86,2
500664,PAT307,3,81.2,29,24,9,0.77,3
500664,MIC308,3,77.3,29,18,9,0.86,6
500665,COM306,3,82.5,23,17,10,0.89,1
500665,PAT307,3,85.7,23,9,10,0.89,1
500665,MIC308,3,84.1,23,11,10,0.8,5
500666,COM306,3,88.0,24,4,8,0.86,2
500666,PAT307,3,100.0,24,19,8,0.9,5
500666,MIC308,3,79.0,24,11,8,0.78,3
500667,COM306,3,82.8,16,11,10,0.81,0
500667,PAT307,3,77.8,16,13,10,0.87,3
500667,MIC308,3,74.1,16,9,10,0.88,0
500668,COM306,3,83.9,28,15,10,0.77,4
500668,PAT307,3,79.7,28,3,10,0.82,4
500668,MIC308,3,85.4,28,22,10,0.8,1
500669,COM306,3,69.0,27,22,10,0.89,1
500669,PAT307,3,85.7,27,24,10,0.84,4
500669,MIC308,3,86.7,27,12,10,0.89,4
500670,COM306,3,74.1,23,18,12,0.74,2
500670,PAT307,3,87.1,23,1,12,0.86,7
500670,MIC308,3,79.7,23,20,12,0.88,4
500671,COM306,3,76.8,30,24,4,0.83,1
500671,PAT307,3,63.7,30,19,4,0.78,4
500671,MIC308,3,80.7,30,0,4,0.85,2
500672,COM306,3,81.3,18,7,15,0.88,4
500672,PAT307,3,84.1,18,8,15,0.88,2
500672,MIC308,3,77.6,18,14,15,0.79,3
500673,COM306,3,68.3,20,10,12,0.89,3
500673,PAT307,3,77.1,20,13,12,0.85,3
500673,MIC308,3,95.2,20,14,12,0.8,1
500674,COM306,3,100.0,22,10,9,0.88,1
500674,PAT307,3,91.4,22,15,9,0.91,4
500674,MIC308,3,84.5,22,17,9,0.89,3
500675,COM306,3,81.3,11,9,8,0.79,2
500675,PAT307,3,84.4,11,6,8,0.77,3
500675,MIC308,3,74.8,11,9,8,0.83,5
500676,COM306,3,78.4,28,25,7,0.82,2
500676,PAT307,3,86.8,28,18,7,0.87,4
500676,MIC308,3,73.5,28,3,7,0.87,2
500677,COM306,3,87.6,26,21,5,0.83,3
500677,PAT307,3,92.2,26,20,5,0.67,2
500677,MIC308,3,96.2,26,16,5,0.91,3
500678,COM306,3,65.9,27,18,11,0.81,2
500678,PAT307,3,81.7,27,23,11,0.82,2
500678,MIC308,3,84.7,27,23,11,0.81,3
500679,COM306,3,80.4,28,24,14,0.91,1
500679,PAT307,3,90.2,28,2,14,0.75,1
500679,MIC308,3,78.6,28,16,14,0.79,2
500680,COM306,3,75.0,21,18,7,0.91,3
500680,PAT307,3,62.1,21,1,7,0.75,1
500680,MIC308,3,89.9,21,13,7,0.72,2
500681,COM306,3,83.2,31,10,10,0.85,6
500681,PAT307,3,77.0,31,4,10,0.81,5
500681,MIC308,3,96.6,31,25,10,0.79,2
500682,COM306,3,85.1,27,8,1,0.84,4
500682,PAT307,3,88.8,27,15,1,0.89,5
500682,MIC308,3,82.0,27,22,1,0.82,2
500683,COM306,3,72.6,18,15,7,0.88,1
500683,PAT307,3,83.0,18,6,7,0.81,4
500683,MIC308,3,79.2,18,8,7,0.85,2
500684,COM306,3,82.9,22,17,9,0.9,2
500684,PAT307,3,82.2,22,4,9,0.85,3
500684,MIC308,3,69.5,22,2,9,0.83,2
500685,COM306,3,90.6,25,21,6,0.8,2
500685,PAT307,3,80.7,25,17,6,0.8,3
500685,MIC308,3,66.6,25,20,6,0.81,8
500686,COM306,3,72.5,30,25,12,0.76,1
500686,PAT307,3,84.0,30,2,12,0.81,5
500686,MIC308,3,85.4,30,22,12,0.88,4
500687,COM306,3,79.2,28,11,9,0.85,6
500687,PAT307,3,82.2,28,24,9,0.91,2
500687,MIC308,3,71.4,28,23,9,0.81,5
500688,COM306,3,81.0,23,9,5,0.8,2
500688,PAT307,3,84.5,23,19,5,0.73,2
500688,MIC308,3,74.7,23,8,5,0.87,2
500689,COM306,3,67.5,26,23,13,0.84,7
500689,PAT307,3,84.2,26,12,13,0.83,3
500689,MIC308,3,89.3,26,10,13,0.88,5
500690,COM306,3,82.3,24,17,4,0.79,1
500690,PAT307,3,86.0,24,21,4,0.73,3
500690,MIC308,3,77.9,24,11,4,0.86,2
500691,COM306,3,84.8,15,7,13,0.76,0
500691,PAT307,3,74.1,15,7,13,0.82,2
500691,MIC308,3,66.7,15,11,13,0.78,2
500692,COM306,3,77.1,29,1,12,0.74,5
500692,PAT307,3,85.6,29,24,12,0.72,3
500692,MIC308,3,83.6,29,24,12,0.82,3
500693,COM306,3,90.1,26,10,11,0.77,2
500693,PAT307,3,92.8,26,21,11,0.88,1
500693,MIC308,3,77.0,26,5,11,0.85,8
500694,COM306,3,79.3,26,24,14,0.84,3
500694,PAT307,3,95.4,26,12,14,0.79,3
500694,MIC308,3,85.6,26,1,14,0.84,5
500695,COM306,3,73.9,25,23,5,0.83,4
500695,PAT307,3,79.3,25,20,5,0.78,2
500695,MIC308,3,82.8,25,23,5,0.79,5
500696,COM306,3,71.9,24,12,8,0.87,3
500696,PAT307,3,86.8,24,22,8,0.84,5
500696,MIC308,3,83.9,24,16,8,0.87,2
500697,COM306,3,74.9,21,3,11,0.84,6
500697,PAT307,3,79.5,21,10,11,0.88,2
500697,MIC308,3,92.5,21,17,11,0.85,3
500698,COM306,3,88.9,29,6,10,0.78,6
500698,PAT307,3,74.5,29,17,10,0.82,4
500698,MIC308,3,91.0,29,25,10,0.8,2
500699,COM306,3,77.8,30,24,14,0.72,3
500699,PAT307,3,70.9,30,24,14,0.83,1
500699,MIC308,3,87.6,30,4,14,0.68,2
500700,COM306,3,78.2,24,4,11,0.89,0
500700,PAT307,3,92.6,24,21,11,0.86,4
500700,MIC308,3,76.6,24,19,11,0.75,3
500701,COM306,3,77.8,16,13,7,0.89,4
500701,PAT307,3,82.2,16,10,7,0.88,2
500701,MIC308,3,83.6,16,13,7,0.91,2
500702,COM306,3,80.8,18,15,6,0.81,2
500702,PAT307,3,79.2,18,6,6,0.84,1
500702,MIC308,3,82.6,18,15,6,0.91,5
500703,COM306,3,97.0,19,8,11,0.81,3
500703,PAT307,3,97.6,19,14,11,0.89,4
500703,MIC308,3,73.6,19,12,11,0.92,0
500704,COM306,3,80.8,27,15,7,0.89,5
500704,PAT307,3,78.8,27,11,7,0.89,3
500704,MIC308,3,85.7,27,25,7,0.71,2
500705,COM306,3,83.2,18,12,9,0.9,1
500705,PAT307,3,80.1,18,8,9,0.81,0
500705,MIC308,3,88.0,18,11,9,0.87,2
500706,COM306,3,92.7,15,9,6,0.86,1
500706,PAT307,3,85.5,15,3,6,0.89,3
500706,MIC308,3,80.3,15,6,6,0.79,2
500707,COM306,3,67.3,27,22,11,0.69,1
500707,PAT307,3,78.9,27,2,11,0.8,5
500707,MIC308,3,94.2,27,12,11,0.87,4
500708,COM306,3,70.9,23,17,11,0.79,3
500708,PAT307,3,83.4,23,6,11,0.93,6
500708,MIC308,3,97.2,23,12,11,0.78,2
500709,COM306,3,72.1,28,10,4,0.77,2
500709,PAT307,3,81.4,28,17,4,0.84,1
500709,MIC308,3,82.2,28,24,4,0.77,3
500710,COM306,3,100.0,27,22,7,0.83,4
500710,PAT307,3,84.5,27,22,7,0.91,6
500710,MIC308,3,83.9,27,19,7,0.91,3
500711,COM306,3,82.7,21,19,8,0.78,3
500711,PAT307,3,77.9,21,12,8,0.86,2
500711,MIC308,3,81.4,21,17,8,0.88,3
500712,COM306,3,76.2,20,6,8,0.82,3
500712,PAT307,3,82.4,20,18,8,0.9,1
500712,MIC308,3,67.7,20,18,8,0.85,1
500713,COM306,3,74.6,27,4,8,0.88,4
500713,PAT307,3,90.8,27,12,8,0.87,2
500713,MIC308,3,84.1,27,21,8,0.82,3
500714,COM306,3,94.4,24,3,9,0.7,4
500714,PAT307,3,82.2,24,15,9,0.89,3
500714,MIC308,3,93.6,24,18,9,0.84,3
500715,COM306,3,80.5,14,8,6,0.91,6
500715,PAT307,3,66.4,14,0,6,0.72,4
500715,MIC308,3,78.9,14,8,6,0.91,1
500716,COM306,3,87.8,29,14,10,0.86,0
500716,PAT307,3,88.5,29,25,10,0.9,3
500716,MIC308,3,80.4,29,5,10,0.78,5
500717,COM306,3,67.9,23,3,7,0.86,2
500717,PAT307,3,74.7,23,19,7,0.81,2
500717,MIC308,3,82.1,23,19,7,0.82,6
500718,COM306,3,81.4,20,2,3,0.91,4
500718,PAT307,3,84.4,20,14,3,0.84,3
500718,MIC308,3,79.5,20,8,3,0.91,1
500719,COM306,3,92.0,30,25,7,0.92,2
500719,PAT307,3,90.1,30,0,7,0.83,4
500719,MIC308,3,84.1,30,6,7,0.78,4
500720,COM306,3,83.0,25,18,9,0.92,0
500720,PAT307,3,80.2,25,18,9,0.91,3
500720,MIC308,3,79.9,25,20,9,0.8,2
500721,COM306,3,87.9,27,4,11,0.93,2
500721,PAT307,3,81.7,27,5,11,0.8,3
500721,MIC308,3,73.7,27,21,11,0.82,3
500722,COM306,3,81.9,30,25,5,0.89,4
500722,PAT307,3,81.9,30,0,5,0.89,1
500722,MIC308,3,72.5,30,1,5,0.89,1
500723,COM306,3,78.3,26,8,10,0.86,2
500723,PAT307,3,65.4,26,24,10,0.73,3
500723,MIC308,3,67.6,26,22,10,0.84,3
500724,COM306,3,84.3,16,0,8,0.87,1
500724,PAT307,3,73.9,16,14,8,0.86,5
500724,MIC308,3,84.7,16,8,8,0.87,4
500725,COM306,3,86.8,22,4,14,0.88,1
500725,PAT307,3,79.1,22,18,14,0.81,3
500725,MIC308,3,73.7,22,10,14,0.82,0
500726,COM306,3,83.9,24,21,9,0.82,2
500726,PAT307,3,88.2,24,22,9,0.87,4
500726,MIC308,3,77.2,24,4,9,0.83,8
500727,COM306,3,85.2,29,10,10,0.76,1
500727,PAT307,3,69.0,29,25,10,0.89,3
500727,MIC308,3,77.5,29,14,10,0.89,3
500728,COM306,3,90.5,31,7,14,0.88,2
500728,PAT307,3,70.8,31,23,14,0.88,2
500728,MIC308,3,90.1,31,25,14,0.85,7
500729,COM306,3,71.7,13,9,6,0.77,3
500729,PAT307,3,88.5,13,10,6,0.85,5
500729,MIC308,3,93.9,13,10,6,0.9,2
500730,COM306,3,80.7,9,6,1,0.89,2
500730,PAT307,3,94.4,9,1,1,0.73,5
500730,MIC308,3,74.6,9,6,1,0.86,4
500731,COM306,3,86.2,19,13,2,0.86,2
500731,PAT307,3,93.9,19,15,2,0.88,5
500731,MIC308,3,83.5,19,9,2,0.85,5
500732,COM306,3,79.2,18,12,3,0.65,1
500732,PAT307,3,82.7,18,9,3,0.79,4
500732,MIC308,3,88.5,18,1,3,0.82,5
500733,COM306,3,81.7,15,5,7,0.89,4
500733,PAT307,3,85.9,15,11,7,0.88,4
500733,MIC308,3,76.7,15,12,7,0.79,2
500734,COM306,3,66.7,28,9,5,0.81,5
500734,PAT307,3,76.2,28,25,5,0.81,2
500734,MIC308,3,76.8,28,5,5,0.84,2
500735,COM306,3,88.0,17,13,12,0.84,1
500735,PAT307,3,77.2,17,1,12,0.89,2
500735,MIC308,3,74.0,17,1,12,0.89,3
500736,COM306,3,85.3,28,23,9,0.69,5
500736,PAT307,3,89.3,28,24,9,0.8,3
500736,MIC308,3,79.7,28,25,9,0.8,7
500737,COM306,3,85.2,17,7,9,0.79,4
500737,PAT307,3,78.0,17,1,9,0.89,2
500737,MIC308,3,77.7,17,13,9,0.84,3
500738,COM306,3,69.3,26,2,9,0.7,1
500738,PAT307,3,89.4,26,1,9,0.82,5
500738,MIC308,3,77.3,26,24,9,0.72,3
500739,COM306,3,83.9,26,18,4,0.75,4
500739,PAT307,3,96.8,26,10,4,0.8,5
500739,MIC308,3,74.4,26,23,4,0.81,3
500740,COM306,3,72.1,28,22,18,0.92,2
500740,PAT307,3,82.5,28,10,18,0.88,3
500740,MIC308,3,85.1,28,2,18,0.76,4
500741,COM306,3,80.5,28,7,13,0.82,3
500741,PAT307,3,91.0,28,3,13,0.86,2
500741,MIC308,3,79.2,28,25,13,0.84,4
500742,COM306,3,78.4,22,1,13,0.75,5
500742,PAT307,3,75.6,22,5,13,0.78,2
500742,MIC308,3,100.0,22,20,13,0.86,2
500743,COM306,3,83.8,25,13,9,0.91,2
500743,PAT307,3,82.3,25,21,9,0.76,1
500743,MIC308,3,92.4,25,22,9,0.77,3
500744,COM306,3,88.0,24,14,6,0.87,2
500744,PAT307,3,83.5,24,1,6,0.79,7
500744,MIC308,3,81.3,24,18,6,0.89,3
500745,COM306,3,93.7,27,25,6,0.83,0
500745,PAT307,3,81.2,27,23,6,0.88,4
500745,MIC308,3,80.9,27,22,6,0.91,0
500746,COM306,3,86.2,20,10,14,0.83,4
500746,PAT307,3,67.4,20,8,14,0.78,0
500746,MIC308,3,94.7,20,7,14,0.83,2
500747,COM306,3,80.0,17,5,12,0.9,4
500747,PAT307,3,83.9,17,6,12,0.84,3
500747,MIC308,3,73.0,17,15,12,0.82,2
500748,COM306,3,74.0,22,8,10,0.86,4
500748,PAT307,3,81.8,22,3,10,0.84,0
500748,MIC308,3,84.5,22,17,10,0.83,3
500749,COM306,3,73.6,11,8,7,0.79,4
500749,PAT307,3,77.1,11,9,7,0.88,1
500749,MIC308,3,83.5,11,2,7,0.79,3
500750,COM306,3,82.1,31,0,10,0.87,2
500750,PAT307,3,71.3,31,25,10,0.86,2
500750,MIC308,3,81.4,31,9,10,0.78,4
500751,MED409,4,84.2,14,5,10,0.74,4
500751,SUR410,4,85.9,14,5,10,0.87,4
500751,OBG411,4,91.3,14,0,10,0.9,1
500752,MED409,4,68.7,20,14,7,0.85,1
500752,SUR410,4,76.6,20,5,7,0.73,1
500752,OBG411,4,73.2,20,6,7,0.86,1
500753,MED409,4,81.8,22,6,7,0.86,2
500753,SUR410,4,96.1,22,18,7,0.81,2
500753,OBG411,4,79.0,22,14,7,0.79,0
500754,MED409,4,83.0,22,4,7,0.87,2
500754,SUR410,4,80.1,22,13,7,0.83,3
500754,OBG411,4,76.9,22,16,7,0.78,1
500755,MED409,4,80.1,24,19,7,0.79,1
500755,SUR410,4,80.9,24,16,7,0.82,2
500755,OBG411,4,76.9,24,16,7,0.87,1
500756,MED409,4,68.8,19,15,5,0.77,2
500756,SUR410,4,82.1,19,12,5,0.77,3
500756,OBG411,4,75.0,19,2,5,0.82,1
500757,MED409,4,66.3,18,2,5,0.86,5
500757,SUR410,4,68.6,18,12,5,0.88,5
500757,OBG411,4,77.2,18,3,5,0.9,0
500758,MED409,4,75.0,26,20,15,0.88,3
500758,SUR410,4,84.8,26,16,15,0.81,0
500758,OBG411,4,82.9,26,4,15,0.87,2
500759,MED409,4,80.8,17,10,12,0.88,4
500759,SUR410,4,67.1,17,9,12,0.74,2
500759,OBG411,4,86.6,17,5,12,0.86,1
500760,MED409,4,69.5,22,20,9,0.87,3
500760,SUR410,4,89.4,22,12,9,0.88,2
500760,OBG411,4,74.7,22,18,9,0.68,2
500761,MED409,4,80.5,22,8,8,0.82,1
500761,SUR410,4,77.5,22,12,8,0.84,4
500761,OBG411,4,71.0,22,20,8,0.82,1
500762,MED409,4,81.5,27,4,7,0.9,6
500762,SUR410,4,81.6,27,13,7,0.9,1
500762,OBG411,4,71.7,27,22,7,0.89,3
500763,MED409,4,54.2,13,1,5,0.71,1
500763,SUR410,4,82.0,13,8,5,0.85,2
500763,OBG411,4,81.2,13,11,5,0.76,0
500764,MED409,4,85.8,25,0,10,0.83,2
500764,SUR410,4,98.8,25,22,10,0.81,2
500764,OBG411,4,71.1,25,21,10,0.83,3
500765,MED409,4,88.2,25,11,6,0.84,2
500765,SUR410,4,87.5,25,21,6,0.87,2
500765,OBG411,4,87.2,25,4,6,0.79,2
500766,MED409,4,72.1,19,0,11,0.85,1
500766,SUR410,4,92.8,19,17,11,0.82,2
500766,OBG411,4,79.7,19,6,11,0.87,0
500767,MED409,4,74.0,15,10,3,0.81,4
500767,SUR410,4,84.4,15,7,3,0.89,1
500767,OBG411,4,73.0,15,4,3,0.91,4
500768,MED409,4,86.4,22,6,9,0.72,5
500768,SUR410,4,73.7,22,12,9,0.85,2
500768,OBG411,4,92.4,22,20,9,0.84,4
500769,MED409,4,70.2,25,1,8,0.83,1
500769,SUR410,4,81.9,25,20,8,0.78,3
500769,OBG411,4,88.9,25,0,8,0.84,1
500770,MED409,4,77.6,12,9,6,0.8,5
500770,SUR410,4,79.6,12,3,6,0.66,2
500770,OBG411,4,81.0,12,4,6,0.75,1
500771,MED409,4,86.3,26,13,10,0.78,3
500771,SUR410,4,82.5,26,22,10,0.75,1
500771,OBG411,4,75.2,26,4,10,0.9,2
500772,MED409,4,75.5,27,14,10,0.82,3
500772,SUR410,4,91.1,27,21,10,0.84,2
500772,OBG411,4,77.8,27,3,10,0.81,2
500773,MED409,4,67.3,20,1,17,0.74,1
500773,SUR410,4,75.3,20,14,17,0.77,1
500773,OBG411,4,82.5,20,10,17,0.75,1
500774,MED409,4,78.9,20,0,8,0.83,3
500774,SUR410,4,77.2,20,11,8,0.89,4
500774,OBG411,4,75.6,20,17,8,0.87,4
500775,MED409,4,73.8,21,19,13,0.75,1
500775,SUR410,4,70.9,21,2,13,0.9,1
500775,OBG411,4,78.7,21,2,13,0.82,1
500776,MED409,4,85.6,20,1,8,0.85,3
500776,SUR410,4,82.2,20,12,8,0.78,2
500776,OBG411,4,82.4,20,14,8,0.82,0
500777,MED409,4,78.1,20,1,9,0.89,1
500777,SUR410,4,86.3,20,14,9,0.75,1
500777,OBG411,4,88.4,20,11,9,0.82,3
500778,MED409,4,88.1,25,0,9,0.77,2
500778,SUR410,4,76.8,25,22,9,0.79,2
500778,OBG411,4,88.0,25,4,9,0.9,4
500779,MED409,4,74.9,20,17,10,0.81,3
500779,SUR410,4,100.0,20,3,10,0.77,0
500779,OBG411,4,83.2,20,5,10,0.73,2
500780,MED409,4,76.2,26,21,7,0.8,2
500780,SUR410,4,79.2,26,17,7,0.76,4
500780,OBG411,4,78.3,26,7,7,0.84,2
500781,MED409,4,79.6,19,11,9,0.87,2
500781,SUR410,4,90.5,19,16,9,0.85,2
500781,OBG411,4,88.3,19,11,9,0.89,1
500782,MED409,4,60.1,28,11,9,0.86,0
500782,SUR410,4,84.4,28,22,9,0.77,0
500782,OBG411,4,87.9,28,0,9,0.77,0
500783,MED409,4,78.7,20,6,17,0.72,1
500783,SUR410,4,73.5,20,8,17,0.8,3
500783,OBG411,4,86.3,20,5,17,0.89,2
500784,MED409,4,78.7,22,20,8,0.86,2
500784,SUR410,4,66.5,22,8,8,0.84,0
500784,OBG411,4,89.5,22,11,8,0.82,2
500785,MED409,4,82.2,25,22,7,0.82,1
500785,SUR410,4,93.0,25,22,7,0.83,1
500785,OBG411,4,82.1,25,10,7,0.79,2
500786,MED409,4,80.4,12,7,10,0.86,1
500786,SUR410,4,71.8,12,5,10,0.87,1
500786,OBG411,4,74.4,12,2,10,0.9,2
500787,MED409,4,76.5,19,0,15,0.83,1
500787,SUR410,4,78.4,19,6,15,0.87,0
500787,OBG411,4,71.7,19,14,15,0.86,2
500788,MED409,4,92.5,23,1,8,0.88,2
500788,SUR410,4,81.4,23,5,8,0.82,5
500788,OBG411,4,87.3,23,18,8,0.75,1
500789,MED409,4,81.5,23,12,10,0.87,4
500789,SUR410,4,77.6,23,4,10,0.89,4
500789,OBG411,4,73.2,23,18,10,0.8,2
500790,MED409,4,80.1,25,17,5,0.83,1
500790,SUR410,4,76.0,25,16,5,0.71,0
500790,OBG411,4,91.9,25,20,5,0.85,3
500791,MED409,4,68.4,25,14,12,0.78,4
500791,SUR410,4,85.4,25,15,12,0.73,1
500791,OBG411,4,96.8,25,21,12,0.81,0
500792,MED409,4,75.6,21,12,12,0.88,3
500792,SUR410,4,67.3,21,15,12,0.82,2
500792,OBG411,4,82.1,21,3,12,0.83,2
500793,MED409,4,89.2,27,4,13,0.74,1
500793,SUR410,4,84.1,27,15,13,0.8,1
500793,OBG411,4,69.1,27,21,13,0.7,0
500794,MED409,4,85.4,17,12,11,0.73,2
500794,SUR410,4,85.3,17,10,11,0.84,1
500794,OBG411,4,88.5,17,7,11,0.86,3
500795,MED409,4,74.9,18,6,13,0.81,1
500795,SUR410,4,76.9,18,4,13,0.83,2
500795,OBG411,4,77.3,18,5,13,0.75,1
500796,MED409,4,78.8,27,22,13,0.71,3
500796,SUR410,4,92.5,27,17,13,0.77,2
500796,OBG411,4,75.0,27,8,13,0.82,3
500797,MED409,4,83.2,15,12,8,0.76,1
500797,SUR410,4,71.1,15,1,8,0.88,3
500797,OBG411,4,82.5,15,4,8,0.8,4
500798,MED409,4,74.4,22,16,10,0.82,5
500798,SUR410,4,66.5,22,6,10,0.78,1
500798,OBG411,4,78.6,22,1,10,0.81,2
500799,MED409,4,80.5,13,5,7,0.75,3
500799,SUR410,4,78.3,13,10,7,0.81,6
500799,OBG411,4,61.8,13,3,7,0.83,3
500800,MED409,4,73.3,24,21,17,0.78,6
500800,SUR410,4,69.0,24,13,17,0.86,4
500800,OBG411,4,87.4,24,17,17,0.83,7
500801,MED409,4,76.5,18,13,7,0.81,4
500801,SUR410,4,86.5,18,13,7,0.85,0
500801,OBG411,4,88.5,18,15,7,0.87,3
500802,MED409,4,72.7,21,8,7,0.89,2
500802,SUR410,4,84.7,21,11,7,0.75,2
500802,OBG411,4,77.4,21,19,7,0.75,4
500803,MED409,4,83.1,25,22,9,0.88,1
500803,SUR410,4,84.1,25,14,9,0.81,2
500803,OBG411,4,80.1,25,14,9,0.81,3
500804,MED409,4,61.9,26,15,13,0.89,1
500804,SUR410,4,91.9,26,2,13,0.81,0
500804,OBG411,4,85.3,26,22,13,0.86,2
500805,MED409,4,71.2,24,20,6,0.87,5
500805,SUR410,4,77.3,24,10,6,0.85,3
500805,OBG411,4,62.1,24,1,6,0.84,0
500806,MED409,4,81.8,25,20,7,0.88,1
500806,SUR410,4,94.7,25,2,7,0.82,4
500806,OBG411,4,87.5,25,12,7,0.83,5
500807,MED409,4,88.5,16,14,7,0.88,2
500807,SUR410,4,88.4,16,11,7,0.84,1
500807,OBG411,4,81.4,16,0,7,0.82,2
500808,MED409,4,69.5,22,1,14,0.91,1
500808,SUR410,4,79.6,22,18,14,0.86,1
500808,OBG411,4,71.8,22,1,14,0.65,2
500809,MED409,4,79.0,19,7,10,0.72,0
500809,SUR410,4,78.1,19,14,10,0.87,0
500809,OBG411,4,81.5,19,8,10,0.77,2
500810,MED409,4,81.8,21,2,9,0.86,1
500810,SUR410,4,77.5,21,16,9,0.85,0
500810,OBG411,4,78.0,21,9,9,0.79,3
500811,MED409,4,74.0,24,10,8,0.77,1
500811,SUR410,4,77.0,24,21,8,0.81,2
500811,OBG411,4,87.7,24,10,8,0.83,1
500812,MED409,4,75.8,23,19,17,0.87,1
500812,SUR410,4,84.0,23,1,17,0.79,1
500812,OBG411,4,84.1,23,19,17,0.9,2
500813,MED409,4,70.5,22,15,6,0.81,1
500813,SUR410,4,75.6,22,18,6,0.78,0
500813,OBG411,4,87.6,22,7,6,0.88,0
500814,MED409,4,80.7,26,20,12,0.83,6
500814,SUR410,4,80.9,26,13,12,0.88,1
500814,OBG411,4,72.8,26,1,12,0.83,1
500815,MED409,4,73.2,21,17,12,0.89,1
500815,SUR410,4,69.3,21,17,12,0.85,2
500815,OBG411,4,82.1,21,12,12,0.84,2
500816,MED409,4,63.7,24,18,7,0.81,2
500816,SUR410,4,86.7,24,17,7,0.81,2
500816,OBG411,4,75.6,24,8,7,0.86,0
500817,MED409,4,81.2,28,22,11,0.76,3
500817,SUR410,4,83.4,28,4,11,0.88,4
500817,OBG411,4,94.6,28,22,11,0.88,1
500818,MED409,4,84.5,27,22,12,0.88,1
500818,SUR410,4,88.3,27,19,12,0.73,0
500818,OBG411,4,78.2,27,15,12,0.9,2
500819,MED409,4,93.7,22,3,7,0.81,5
500819,SUR410,4,73.8,22,0,7,0.88,3
500819,OBG411,4,84.6,22,18,7,0.77,2
500820,MED409,4,92.8,16,8,13,0.87,0
500820,SUR410,4,86.0,16,9,13,0.88,1
500820,OBG411,4,84.7,16,12,13,0.9,2
500821,MED409,4,84.4,12,10,8,0.85,0
500821,SUR410,4,86.0,12,8,8,0.8,1
500821,OBG411,4,88.2,12,10,8,0.91,2
500822,MED409,4,82.3,15,13,5,0.87,1
500822,SUR410,4,89.1,15,9,5,0.84,1
500822,OBG411,4,69.6,15,11,5,0.83,2
500823,MED409,4,77.9,22,2,8,0.84,4
500823,SUR410,4,72.3,22,16,8,0.78,3
500823,OBG411,4,79.5,22,6,8,0.65,0
500824,MED409,4,89.7,20,15,11,0.84,3
500824,SUR410,4,83.8,20,17,11,0.88,0
500824,OBG411,4,84.2,20,16,11,0.9,0
500825,MED409,4,91.3,20,14,6,0.8,1
500825,SUR410,4,84.9,20,1,6,0.88,2
500825,OBG411,4,71.0,20,15,6,0.86,3
500826,MED409,4,69.0,21,9,10,0.88,1
500826,SUR410,4,70.0,21,17,10,0.91,1
500826,OBG411,4,75.3,21,10,10,0.87,0
500827,MED409,4,98.7,22,7,10,0.71,0
500827,SUR410,4,75.8,22,19,10,0.85,1
500827,OBG411,4,87.5,22,9,10,0.81,2
500828,MED409,4,71.0,17,11,6,0.83,2
500828,SUR410,4,86.6,17,7,6,0.89,2
500828,OBG411,4,71.6,17,6,6,0.75,4
500829,MED409,4,71.8,21,17,9,0.78,2
500829,SUR410,4,77.3,21,18,9,0.86,2
500829,OBG411,4,75.0,21,11,9,0.86,0
500830,MED409,4,59.0,17,12,7,0.86,1
500830,SUR410,4,67.0,17,4,7,0.74,1
500830,OBG411,4,81.7,17,2,7,0.8,1
500831,MED409,4,78.1,19,14,8,0.78,4
500831,SUR410,4,86.8,19,7,8,0.82,1
500831,OBG411,4,70.9,19,12,8,0.83,1
500832,MED409,4,70.0,18,7,9,0.88,1
500832,SUR410,4,81.0,18,12,9,0.75,1
500832,OBG411,4,78.7,18,9,9,0.87,3
500833,MED409,4,81.5,25,19,10,0.83,0
500833,SUR410,4,84.9,25,7,10,0.88,1
500833,OBG411,4,74.1,25,8,10,0.75,2
500834,MED409,4,86.4,27,13,8,0.8,1
500834,SUR410,4,88.4,27,4,8,0.82,4
500834,OBG411,4,68.2,27,22,8,0.8,2
500835,MED409,4,74.0,23,19,8,0.87,3
500835,SUR410,4,87.2,23,17,8,0.85,2
500835,OBG411,4,94.3,23,6,8,0.82,1
500836,MED409,4,70.4,22,20,10,0.87,2
500836,SUR410,4,85.2,22,4,10,0.88,1
500836,OBG411,4,82.0,22,5,10,0.76,0
500837,MED409,4,82.6,26,21,5,0.82,2
500837,SUR410,4,90.6,26,2,5,0.74,2
500837,OBG411,4,82.5,26,6,5,0.72,1
500838,MED409,4,92.8,11,5,9,0.82,1
500838,SUR410,4,86.7,11,8,9,0.77,7
500838,OBG411,4,81.0,11,6,9,0.83,0
500839,MED409,4,78.3,19,2,10,0.86,3
500839,SUR410,4,88.0,19,3,10,0.73,4
500839,OBG411,4,77.5,19,17,10,0.76,5
500840,MED409,4,80.5,22,2,11,0.75,3
500840,SUR410,4,76.9,22,16,11,0.72,3
500840,OBG411,4,80.5,22,15,11,0.86,2
500841,MED409,4,78.6,28,22,9,0.87,2
500841,SUR410,4,86.1,28,8,9,0.89,2
500841,OBG411,4,81.6,28,17,9,0.82,0
500842,MED409,4,91.0,17,13,12,0.8,2
500842,SUR410,4,77.5,17,10,12,0.86,1
500842,OBG411,4,82.1,17,13,12,0.83,2
500843,MED409,4,91.6,17,5,10,0.86,3
500843,SUR410,4,73.7,17,15,10,0.73,0
500843,OBG411,4,82.8,17,10,10,0.89,1
500844,MED409,4,84.9,19,15,11,0.81,2
500844,SUR410,4,92.1,19,14,11,0.85,2
500844,OBG411,4,84.4,19,2,11,0.88,4
500845,MED409,4,92.6,21,6,5,0.8,3
500845,SUR410,4,78.6,21,15,5,0.83,2
500845,OBG411,4,62.3,21,7,5,0.79,2
500846,MED409,4,71.3,24,19,5,0.87,0
500846,SUR410,4,69.7,24,12,5,0.89,1
500846,OBG411,4,84.8,24,1,5,0.86,0
500847,MED409,4,86.7,24,2,4,0.91,4
500847,SUR410,4,76.3,24,17,4,0.91,2
500847,OBG411,4,75.3,24,20,4,0.89,1
500848,MED409,4,77.8,24,9,7,0.84,1
500848,SUR410,4,78.6,24,11,7,0.75,0
500848,OBG411,4,78.3,24,20,7,0.77,0
500849,MED409,4,63.2,27,22,8,0.76,2
500849,SUR410,4,81.8,27,2,8,0.89,3
500849,OBG411,4,73.4,27,0,8,0.81,0
500850,MED409,4,87.6,21,5,4,0.83,3
500850,SUR410,4,77.6,21,15,4,0.75,1
500850,OBG411,4,89.7,21,0,4,0.85,3
500851,MED409,4,85.2,25,14,9,0.77,2
500851,SUR410,4,74.0,25,7,9,0.78,2
500851,OBG411,4,73.4,25,19,9,0.76,2
500852,MED409,4,72.1,16,3,9,0.9,1
500852,SUR410,4,77.5,16,12,9,0.84,2
500852,OBG411,4,74.4,16,1,9,0.79,3
500853,MED409,4,74.7,26,11,6,0.82,3
500853,SUR410,4,67.9,26,6,6,0.8,1
500853,OBG411,4,85.0,26,22,6,0.88,0
500854,MED409,4,83.1,21,17,6,0.82,2
500854,SUR410,4,73.4,21,14,6,0.74,2
500854,OBG411,4,85.8,21,0,6,0.78,1
500855,MED409,4,78.8,25,0,10,0.86,1
500855,SUR410,4,81.1,25,21,10,0.67,0
500855,OBG411,4,87.2,25,7,10,0.87,2
500856,MED409,4,83.4,18,5,10,0.82,2
500856,SUR410,4,82.1,18,16,10,0.66,1
500856,OBG411,4,96.9,18,1,10,0.84,1
500857,MED409,4,66.5,26,22,11,0.86,2
500857,SUR410,4,80.1,26,8,11,0.81,0
500857,OBG411,4,76.2,26,14,11,0.75,2
500858,MED409,4,88.8,24,7,10,0.81,3
500858,SUR410,4,73.9,24,18,10,0.84,0
500858,OBG411,4,80.4,24,10,10,0.84,3
500859,MED409,4,81.5,14,1,5,0.7,1
500859,SUR410,4,97.4,14,8,5,0.87,1
500859,OBG411,4,85.7,14,10,5,0.87,2
500860,MED409,4,68.4,23,0,10,0.8,3
500860,SUR410,4,71.4,23,12,10,0.84,1
500860,OBG411,4,71.1,23,18,10,0.84,5
500861,MED409,4,82.0,23,18,6,0.75,2
500861,SUR410,4,96.7,23,6,6,0.87,0
500861,OBG411,4,85.8,23,0,6,0.81,1
500862,MED409,4,81.4,26,19,10,0.83,0
500862,SUR410,4,73.8,26,21,10,0.91,1
500862,OBG411,4,85.7,26,1,10,0.82,2
500863,MED409,4,75.1,24,7,11,0.81,3
500863,SUR410,4,88.1,24,19,11,0.73,0
500863,OBG411,4,77.4,24,17,11,0.87,1
500864,MED409,4,69.4,17,12,13,0.89,2
500864,SUR410,4,86.3,17,1,13,0.77,3
500864,OBG411,4,69.7,17,14,13,0.81,1
500865,MED409,4,74.2,14,4,7,0.84,1
500865,SUR410,4,78.0,14,11,7,0.89,3
500865,OBG411,4,92.0,14,10,7,0.88,4
500866,MED409,4,64.9,21,15,5,0.78,1
500866,SUR410,4,82.7,21,0,5,0.83,1
500866,OBG411,4,80.1,21,13,5,0.87,1
500867,MED409,4,75.2,26,1,6,0.87,2
500867,SUR410,4,85.2,26,21,6,0.82,0
500867,OBG411,4,77.4,26,5,6,0.72,1
500868,MED409,4,74.9,17,3,10,0.86,3
500868,SUR410,4,80.1,17,1,10,0.9,2
500868,OBG411,4,79.4,17,13,10,0.71,2
500869,MED409,4,72.4,12,7,8,0.78,4
500869,SUR410,4,78.4,12,1,8,0.83,0
500869,OBG411,4,89.4,12,0,8,0.76,1
500870,MED409,4,76.5,25,21,13,0.82,1
500870,SUR410,4,78.3,25,13,13,0.91,2
500870,OBG411,4,87.2,25,7,13,0.81,3
500871,MED409,4,77.7,28,0,5,0.8,1
500871,SUR410,4,80.1,28,22,5,0.8,3
500871,OBG411,4,91.4,28,22,5,0.87,0
500872,MED409,4,56.6,21,2,8,0.82,0
500872,SUR410,4,75.3,21,17,8,0.84,1
500872,OBG411,4,78.4,21,2,8,0.86,3
500873,MED409,4,89.1,17,5,6,0.8,1
500873,SUR410,4,79.9,17,14,6,0.74,1
500873,OBG411,4,91.4,17,12,6,0.81,2
500874,MED409,4,79.9,21,15,9,0.72,3
500874,SUR410,4,70.3,21,14,9,0.75,2
500874,OBG411,4,79.2,21,10,9,0.74,2
500875,MED409,4,85.2,21,0,9,0.81,2
500875,SUR410,4,88.4,21,15,9,0.78,1
500875,OBG411,4,66.9,21,8,9,0.78,2
500876,MED409,4,80.3,19,0,8,0.78,3
500876,SUR410,4,83.2,19,5,8,0.89,2
500876,OBG411,4,88.1,19,14,8,0.79,3
500877,MED409,4,81.1,26,20,9,0.81,5
500877,SUR410,4,82.4,26,10,9,0.84,2
500877,OBG411,4,78.3,26,5,9,0.78,2
500878,MED409,4,85.6,18,4,10,0.8,3
500878,SUR410,4,86.1,18,4,10,0.88,0
500878,OBG411,4,80.7,18,16,10,0.85,0
500879,MED409,4,79.8,21,10,13,0.75,2
500879,SUR410,4,90.0,21,3,13,0.77,6
500879,OBG411,4,66.0,21,19,13,0.85,3
500880,MED409,4,73.3,24,11,10,0.87,3
500880,SUR410,4,78.3,24,9,10,0.81,4
500880,OBG411,4,85.9,24,18,10,0.87,1
500881,MED409,4,79.3,24,14,6,0.81,3
500881,SUR410,4,82.4,24,22,6,0.79,4
500881,OBG411,4,74.9,24,3,6,0.86,3
500882,MED409,4,88.6,14,0,8,0.9,1
500882,SUR410,4,80.1,14,1,8,0.88,3
500882,OBG411,4,80.3,14,3,8,0.82,2
500883,MED409,4,98.6,27,21,11,0.8,1
500883,SUR410,4,92.6,27,18,11,0.89,3
500883,OBG411,4,87.4,27,20,11,0.89,1
500884,MED409,4,68.9,21,6,8,0.76,3
500884,SUR410,4,73.1,21,19,8,0.83,0
500884,OBG411,4,79.1,21,15,8,0.77,3
500885,MED409,4,80.3,24,19,13,0.82,1
500885,SUR410,4,88.6,24,12,13,0.83,2
500885,OBG411,4,81.3,24,14,13,0.83,2
500886,MED409,4,84.3,18,8,10,0.79,1
500886,SUR410,4,69.3,18,14,10,0.84,4
500886,OBG411,4,75.9,18,1,10,0.77,0
500887,MED409,4,85.2,20,10,10,0.86,2
500887,SUR410,4,85.5,20,18,10,0.71,2
500887,OBG411,4,98.4,20,14,10,0.91,1
500888,MED409,4,71.7,21,5,13,0.82,0
500888,SUR410,4,86.8,21,3,13,0.85,2
500888,OBG411,4,93.1,21,19,13,0.87,4
500889,MED409,4,65.5,23,13,4,0.82,4
500889,SUR410,4,90.0,23,9,4,0.89,0
500889,OBG411,4,78.9,23,19,4,0.82,2
500890,MED409,4,84.1,20,12,12,0.71,1
500890,SUR410,4,80.0,20,16,12,0.7,2
500890,OBG411,4,93.2,20,8,12,0.75,0
500891,MED409,4,84.7,19,2,13,0.79,2
500891,SUR410,4,86.5,19,1,13,0.71,0
500891,OBG411,4,82.0,19,16,13,0.77,0
500892,MED409,4,75.7,15,5,8,0.8,1
500892,SUR410,4,93.6,15,9,8,0.81,0
500892,OBG411,4,88.8,15,9,8,0.89,0
500893,MED409,4,74.8,23,20,9,0.89,3
500893,SUR410,4,81.4,23,7,9,0.82,1
500893,OBG411,4,83.8,23,3,9,0.75,1
500894,MED409,4,74.4,14,6,10,0.79,1
500894,SUR410,4,85.5,14,3,10,0.76,2
500894,OBG411,4,82.6,14,9,10,0.89,1
500895,MED409,4,70.3,23,13,11,0.83,2
500895,SUR410,4,77.1,23,18,11,0.84,2
500895,OBG411,4,77.1,23,7,11,0.81,5
500896,MED409,4,78.0,26,5,8,0.81,1
500896,SUR410,4,88.0,26,16,8,0.79,0
500896,OBG411,4,90.4,26,22,8,0.8,2
500897,MED409,4,66.4,16,10,10,0.8,3
500897,SUR410,4,86.8,16,14,10,0.71,1
500897,OBG411,4,89.0,16,9,10,0.8,0
500898,MED409,4,74.1,23,19,10,0.88,5
500898,SUR410,4,86.6,23,14,10,0.87,1
500898,OBG411,4,80.9,23,21,10,0.8,2
500899,MED409,4,70.1,25,3,6,0.8,3
500899,SUR410,4,90.9,25,20,6,0.82,4
500899,OBG411,4,69.7,25,13,6,0.7,0
500900,MED409,4,78.9,23,19,7,0.78,1
500900,SUR410,4,80.6,23,7,7,0.84,2
500900,OBG411,4,66.6,23,2,7,0.83,2
500901,MED409,4,85.4,24,10,11,0.91,3
500901,SUR410,4,64.6,24,7,11,0.81,2
500901,OBG411,4,66.8,24,21,11,0.89,1
500902,MED409,4,84.8,20,18,6,0.82,2
500902,SUR410,4,85.0,20,6,6,0.84,2
500902,OBG411,4,80.8,20,8,6,0.66,2
500903,MED409,4,86.9,15,13,11,0.9,3
500903,SUR410,4,74.8,15,7,11,0.9,1
500903,OBG411,4,70.2,15,3,11,0.79,2
500904,MED409,4,64.7,9,6,6,0.82,3
500904,SUR410,4,74.0,9,5,6,0.8,4
500904,OBG411,4,77.9,9,6,6,0.74,1
500905,MED409,4,75.6,18,0,8,0.79,4
500905,SUR410,4,87.6,18,2,8,0.84,0
500905,OBG411,4,73.9,18,13,8,0.79,1
500906,MED409,4,84.9,19,6,6,0.83,8
500906,SUR410,4,67.3,19,14,6,0.78,1
500906,OBG411,4,72.3,19,1,6,0.81,2
500907,MED409,4,85.8,20,17,7,0.81,2
500907,SUR410,4,87.5,20,13,7,0.81,1
500907,OBG411,4,80.3,20,2,7,0.85,2
500908,MED409,4,79.7,13,4,8,0.82,3
500908,SUR410,4,79.1,13,10,8,0.77,2
500908,OBG411,4,71.7,13,9,8,0.84,0
500909,MED409,4,69.9,24,18,9,0.9,0
500909,SUR410,4,86.6,24,3,9,0.9,1
500909,OBG411,4,73.0,24,18,9,0.81,1
500910,MED409,4,77.9,20,6,7,0.86,1
500910,SUR410,4,79.7,20,18,7,0.84,2
500910,OBG411,4,62.7,20,5,7,0.81,1
500911,MED409,4,75.0,26,9,12,0.81,4
500911,SUR410,4,100.0,26,22,12,0.89,5
500911,OBG411,4,80.6,26,10,12,0.79,4
500912,MED409,4,84.4,19,15,10,0.78,0
500912,SUR410,4,72.7,19,12,10,0.87,3
500912,OBG411,4,72.8,19,15,10,0.83,3
500913,MED409,4,80.2,24,12,9,0.87,1
500913,SUR410,4,73.5,24,22,9,0.75,1
500913,OBG411,4,77.0,24,22,9,0.9,2
500914,MED409,4,81.0,19,1,7,0.78,1
500914,SUR410,4,73.1,19,1,7,0.75,2
500914,OBG411,4,71.1,19,16,7,0.81,2
500915,MED409,4,72.9,16,11,8,0.8,2
500915,SUR410,4,73.4,16,6,8,0.86,2
500915,OBG411,4,87.8,16,11,8,0.82,2
500916,MED409,4,87.7,28,17,13,0.82,1
500916,SUR410,4,80.8,28,22,13,0.82,2
500916,OBG411,4,77.1,28,19,13,0.89,2
500917,MED409,4,79.7,20,6,8,0.76,2
500917,SUR410,4,79.7,20,11,8,0.8,3
500917,OBG411,4,72.5,20,16,8,0.73,1
500918,MED409,4,71.9,26,21,11,0.83,3
500918,SUR410,4,71.2,26,13,11,0.87,1
500918,OBG411,4,70.8,26,4,11,0.91,1
500919,MED409,4,84.8,24,2,6,0.87,2
500919,SUR410,4,83.2,24,0,6,0.83,2
500919,OBG411,4,91.7,24,22,6,0.77,3
500920,MED409,4,72.2,20,4,11,0.75,3
500920,SUR410,4,86.6,20,18,11,0.78,1
500920,OBG411,4,100.0,20,6,11,0.84,0
500921,MED409,4,75.0,22,10,15,0.75,2
500921,SUR410,4,76.5,22,6,15,0.9,2
500921,OBG411,4,63.6,22,20,15,0.89,8
500922,MED409,4,76.1,20,14,14,0.84,2
500922,SUR410,4,80.0,20,9,14,0.88,2
500922,OBG411,4,75.6,20,12,14,0.8,4
500923,MED409,4,73.9,20,7,6,0.8,2
500923,SUR410,4,67.2,20,5,6,0.8,0
500923,OBG411,4,76.9,20,16,6,0.83,2
500924,MED409,4,91.6,13,2,11,0.9,2
500924,SUR410,4,81.7,13,9,11,0.8,1
500924,OBG411,4,75.9,13,7,11,0.79,0
500925,MED409,4,68.3,25,9,4,0.89,0
500925,SUR410,4,82.8,25,19,4,0.79,3
500925,OBG411,4,78.5,25,20,4,0.83,0
500926,MED409,4,90.2,20,11,8,0.76,4
500926,SUR410,4,86.7,20,17,8,0.87,1
500926,OBG411,4,83.1,20,11,8,0.86,0
500927,MED409,4,82.4,25,21,13,0.83,1
500927,SUR410,4,79.0,25,19,13,0.83,1
500927,OBG411,4,60.6,25,10,13,0.87,3
500928,MED409,4,77.1,14,0,10,0.87,0
500928,SUR410,4,75.1,14,7,10,0.73,4
500928,OBG411,4,77.6,14,7,10,0.79,2
500929,MED409,4,74.9,22,15,5,0.7,3
500929,SUR410,4,73.6,22,0,5,0.8,3
500929,OBG411,4,80.4,22,19,5,0.89,2
500930,MED409,4,100.0,24,22,13,0.86,2
500930,SUR410,4,80.8,24,19,13,0.81,2
500930,OBG411,4,80.4,24,8,13,0.83,3
500931,MED409,4,85.5,17,10,8,0.8,1
500931,SUR410,4,90.1,17,5,8,0.72,1
500931,OBG411,4,84.0,17,13,8,0.82,1
500932,MED409,4,83.6,24,18,10,0.91,3
500932,SUR410,4,82.3,24,0,10,0.78,2
500932,OBG411,4,82.8,24,4,10,0.89,2
500933,MED409,4,78.4,22,9,9,0.87,4
500933,SUR410,4,67.1,22,18,9,0.91,0
500933,OBG411,4,86.9,22,11,9,0.85,2
500934,MED409,4,85.2,20,8,10,0.85,3
500934,SUR410,4,74.6,20,15,10,0.83,4
500934,OBG411,4,88.6,20,8,10,0.68,3
500935,MED409,4,84.0,14,12,6,0.77,0
500935,SUR410,4,70.3,14,9,6,0.76,3
500935,OBG411,4,88.4,14,11,6,0.81,6
500936,MED409,4,88.3,24,18,12,0.86,4
500936,SUR410,4,83.2,24,19,12,0.82,0
500936,OBG411,4,75.8,24,10,12,0.81,0
500937,MED409,4,76.7,22,6,11,0.74,4
500937,SUR410,4,73.2,22,12,11,0.88,0
500937,OBG411,4,79.2,22,20,11,0.9,3
500938,MED409,4,77.8,25,19,5,0.83,0
500938,SUR410,4,86.2,25,20,5,0.87,1
500938,OBG411,4,71.8,25,5,5,0.8,1
500939,MED409,4,76.3,15,10,10,0.81,2
500939,SUR410,4,80.5,15,6,10,0.75,0
500939,OBG411,4,84.0,15,5,10,0.74,2
500940,MED409,4,90.4,25,5,6,0.88,3
500940,SUR410,4,66.5,25,20,6,0.77,0
500940,OBG411,4,80.0,25,14,6,0.88,1
500941,MED409,4,88.8,14,0,7,0.76,2
500941,SUR410,4,75.0,14,12,7,0.82,3
500941,OBG411,4,75.1,14,12,7,0.8,1
500942,MED409,4,66.3,25,20,11,0.63,3
500942,SUR410,4,85.8,25,7,11,0.63,3
500942,OBG411,4,82.3,25,20,11,0.88,1
500943,MED409,4,67.6,24,11,9,0.85,3
500943,SUR410,4,76.9,24,15,9,0.78,3
500943,OBG411,4,82.1,24,22,9,0.75,0
500944,MED409,4,82.1,25,4,7,0.79,2
500944,SUR410,4,69.9,25,6,7,0.68,1
500944,OBG411,4,71.1,25,20,7,0.83,1
500945,MED409,4,87.0,17,4,4,0.86,1
500945,SUR410,4,80.2,17,13,4,0.79,1
500945,OBG411,4,70.7,17,14,4,0.85,1
500946,MED409,4,65.5,22,10,11,0.82,0
500946,SUR410,4,72.3,22,19,11,0.8,2
500946,OBG411,4,78.8,22,13,11,0.89,1
500947,MED409,4,72.7,22,5,12,0.74,3
500947,SUR410,4,88.9,22,17,12,0.81,2
500947,OBG411,4,86.0,22,20,12,0.89,2
500948,MED409,4,84.9,24,19,9,0.84,1
500948,SUR410,4,81.7,24,18,9,0.82,4
500948,OBG411,4,75.8,24,20,9,0.82,3
500949,MED409,4,76.9,26,12,5,0.9,3
500949,SUR410,4,84.5,26,21,5,0.89,4
500949,OBG411,4,78.8,26,6,5,0.85,1
500950,MED409,4,69.6,18,13,13,0.83,1
500950,SUR410,4,75.7,18,9,13,0.88,1
500950,OBG411,4,83.5,18,14,13,0.84,0
500951,MED409,4,81.9,15,4,11,0.73,2
500951,SUR410,4,80.7,15,6,11,0.78,4
500951,OBG411,4,72.9,15,8,11,0.8,2
500952,MED409,4,92.0,19,11,15,0.78,1
500952,SUR410,4,65.0,19,5,15,0.84,1
500952,OBG411,4,69.3,19,12,15,0.82,2
500953,MED409,4,78.0,22,1,6,0.84,0
500953,SUR410,4,68.5,22,17,6,0.86,2
500953,OBG411,4,73.3,22,2,6,0.88,2
500954,MED409,4,82.6,16,10,5,0.75,1
500954,SUR410,4,69.2,16,10,5,0.9,3
500954,OBG411,4,89.9,16,12,5,0.85,1
500955,MED409,4,81.3,17,15,6,0.78,4
500955,SUR410,4,76.0,17,10,6,0.77,3
500955,OBG411,4,80.1,17,15,6,0.85,1
500956,MED409,4,82.7,19,8,12,0.77,3
500956,SUR410,4,87.8,19,15,12,0.86,0
500956,OBG411,4,70.8,19,0,12,0.89,2
500957,MED409,4,73.2,20,16,8,0.88,2
500957,SUR410,4,85.9,20,7,8,0.91,2
500957,OBG411,4,83.2,20,10,8,0.85,0
500958,MED409,4,73.8,19,14,5,0.73,1
500958,SUR410,4,73.1,19,15,5,0.84,2
500958,OBG411,4,78.6,19,4,5,0.84,1
500959,MED409,4,82.5,22,6,11,0.82,5
500959,SUR410,4,85.9,22,18,11,0.82,5
500959,OBG411,4,83.5,22,1,11,0.85,2
500960,MED409,4,86.4,21,9,13,0.75,1
500960,SUR410,4,67.7,21,15,13,0.87,2
500960,OBG411,4,80.1,21,17,13,0.86,1
500961,MED409,4,82.7,25,4,14,0.81,4
500961,SUR410,4,75.7,25,13,14,0.8,0
500961,OBG411,4,85.7,25,21,14,0.77,2
500962,MED409,4,82.6,16,9,11,0.82,1
500962,SUR410,4,80.4,16,7,11,0.84,3
500962,OBG411,4,74.2,16,9,11,0.82,3
500963,MED409,4,67.7,24,7,11,0.85,1
500963,SUR410,4,84.4,24,7,11,0.89,3
500963,OBG411,4,81.0,24,21,11,0.8,1
500964,MED409,4,77.2,26,6,11,0.64,0
500964,SUR410,4,64.3,26,2,11,0.84,3
500964,OBG411,4,74.9,26,22,11,0.9,3
500965,MED409,4,74.3,19,11,5,0.81,0
500965,SUR410,4,75.6,19,7,5,0.89,3
500965,OBG411,4,89.1,19,15,5,0.7,2
500966,MED409,4,83.7,24,20,7,0.89,2
500966,SUR410,4,68.7,24,11,7,0.84,3
500966,OBG411,4,76.1,24,12,7,0.72,2
500967,MED409,4,74.4,23,19,5,0.77,2
500967,SUR410,4,83.0,23,16,5,0.89,0
500967,OBG411,4,100.0,23,1,5,0.83,2
500968,MED409,4,79.9,17,7,9,0.86,1
500968,SUR410,4,88.6,17,13,9,0.81,4
500968,OBG411,4,90.9,17,15,9,0.81,3
500969,MED409,4,90.8,21,4,12,0.81,0
500969,SUR410,4,82.9,21,15,12,0.75,2
500969,OBG411,4,84.9,21,2,12,0.78,3
500970,MED409,4,80.3,14,12,6,0.88,3
500970,SUR410,4,67.1,14,8,6,0.82,1
500970,OBG411,4,84.3,14,9,6,0.86,3
500971,MED409,4,81.4,13,4,7,0.74,3
500971,SUR410,4,87.6,13,7,7,0.86,2
500971,OBG411,4,75.7,13,10,7,0.82,2
500972,MED409,4,79.2,18,11,12,0.86,2
500972,SUR410,4,79.7,18,5,12,0.8,2
500972,OBG411,4,87.3,18,2,12,0.86,3
500973,MED409,4,72.1,24,21,14,0.72,4
500973,SUR410,4,79.7,24,3,14,0.87,0
500973,OBG411,4,83.8,24,15,14,0.9,0
500974,MED409,4,75.9,24,14,12,0.71,1
500974,SUR410,4,87.6,24,18,12,0.83,2
500974,OBG411,4,78.7,24,21,12,0.86,2
500975,MED409,4,83.0,23,12,8,0.8,1
500975,SUR410,4,88.0,23,18,8,0.86,1
500975,OBG411,4,79.6,23,12,8,0.9,0
500976,MED409,4,82.2,25,21,11,0.76,1
500976,SUR410,4,89.9,25,0,11,0.82,1
500976,OBG411,4,80.0,25,0,11,0.76,3
500977,MED409,4,84.3,17,8,5,0.67,3
500977,SUR410,4,76.3,17,12,5,0.81,1
500977,OBG411,4,88.2,17,1,5,0.91,1
500978,MED409,4,74.1,18,13,16,0.85,1
500978,SUR410,4,75.0,18,13,16,0.79,2
500978,OBG411,4,85.5,18,11,16,0.85,3
500979,MED409,4,73.3,21,18,12,0.83,2
500979,SUR410,4,76.9,21,9,12,0.74,2
500979,OBG411,4,80.1,21,11,12,0.71,3
500980,MED409,4,76.3,27,8,2,0.81,3
500980,SUR410,4,74.9,27,3,2,0.83,2
500980,OBG411,4,69.2,27,22,2,0.76,1
500981,MED409,4,81.2,20,3,9,0.8,5
500981,SUR410,4,83.1,20,16,9,0.77,2
500981,OBG411,4,87.2,20,2,9,0.87,2
500982,MED409,4,80.9,22,9,12,0.91,0
500982,SUR410,4,62.3,22,0,12,0.81,2
500982,OBG411,4,74.1,22,16,12,0.87,2
500983,MED409,4,75.7,15,1,3,0.78,0
500983,SUR410,4,76.9,15,13,3,0.69,2
500983,OBG411,4,75.8,15,11,3,0.87,4
500984,MED409,4,83.2,22,2,9,0.8,3
500984,SUR410,4,74.0,22,20,9,0.83,1
500984,OBG411,4,82.4,22,9,9,0.82,1
500985,MED409,4,82.0,15,1,4,0.79,2
500985,SUR410,4,83.8,15,10,4,0.85,2
500985,OBG411,4,71.5,15,12,4,0.85,3
500986,MED409,4,81.7,22,18,10,0.78,1
500986,SUR410,4,87.4,22,10,10,0.83,1
500986,OBG411,4,75.4,22,7,10,0.86,1
500987,MED409,4,82.8,21,9,7,0.84,1
500987,SUR410,4,69.8,21,17,7,0.78,2
500987,OBG411,4,74.2,21,1,7,0.79,2
500988,MED409,4,95.0,16,1,10,0.84,1
500988,SUR410,4,88.8,16,7,10,0.85,1
500988,OBG411,4,86.8,16,4,10,0.85,0
500989,MED409,4,86.0,10,0,7,0.73,3
500989,SUR410,4,81.6,10,2,7,0.91,1
500989,OBG411,4,75.4,10,1,7,0.86,3
500990,MED409,4,74.2,17,2,8,0.81,6
500990,SUR410,4,64.6,17,11,8,0.82,4
500990,OBG411,4,78.9,17,13,8,0.9,1
500991,MED409,4,83.5,23,17,12,0.73,4
500991,SUR410,4,72.4,23,6,12,0.68,2
500991,OBG411,4,82.5,23,11,12,0.8,1
500992,MED409,4,80.0,26,22,7,0.83,3
500992,SUR410,4,66.4,26,16,7,0.84,2
500992,OBG411,4,84.1,26,21,7,0.76,1
500993,MED409,4,77.3,22,8,11,0.74,2
500993,SUR410,4,81.1,22,16,11,0.84,2
500993,OBG411,4,87.2,22,11,11,0.9,4
500994,MED409,4,95.9,24,19,12,0.82,0
500994,SUR410,4,100.0,24,1,12,0.84,4
500994,OBG411,4,83.1,24,2,12,0.85,1
500995,MED409,4,84.3,21,2,6,0.83,5
500995,SUR410,4,80.3,21,18,6,0.84,3
500995,OBG411,4,92.1,21,2,6,0.82,2
500996,MED409,4,78.9,16,12,6,0.82,3
500996,SUR410,4,69.3,16,1,6,0.87,0
500996,OBG411,4,72.8,16,6,6,0.86,1
500997,MED409,4,83.2,14,11,1,0.87,3
500997,SUR410,4,82.6,14,10,1,0.82,1
500997,OBG411,4,86.9,14,6,1,0.8,1
500998,MED409,4,78.8,25,5,11,0.8,4
500998,SUR410,4,66.0,25,2,11,0.8,2
500998,OBG411,4,76.6,25,19,11,0.7,2
500999,MED409,4,86.1,21,14,11,0.8,1
500999,SUR410,4,82.4,21,16,11,0.84,0
500999,OBG411,4,71.2,21,18,11,0.84,2
501000,MED409,4,82.7,18,16,5,0.79,1
501000,SUR410,4,72.0,18,13,5,0.83,5
501000,OBG411,4,81.0,18,14,5,0.83,1
